name,slug,chains,contract_addresses,kyc_status,kyc_date,audit_status,audit_date,audit_score,verification_tier,renounced,kyc_certificate_urls,audit_report_urls,audit_certificate_urls
Volt,volt,Solana,tba,approved,2024-07-05,none,,,kyc-only,yes,https://github.com/Assure-DeFi/KYC-Certificates/blob/main/Volt%20KYC%20Certificate.png,,
Scorefam,scorefam,,,approved,2024-01-24,none,,,kyc-only,no,https://github.com/Assure-DeFi/KYC-Certificates/blob/main/Scorefam%20KYC%20Certificate.png,,
VOX Ai,vox-ai,Ethereum,0x382ec856c90ef7ed7c936852f6603568ce1984e7,approved,2024-02-12,none,,,kyc-only,no,https://github.com/Assure-DeFi/KYC-Certificates/blob/main/VOX%20AI%20KYC%20Certificate.png,,
TrustBet On-Chain,trustbet-on-chain,Solana,xpfbkja92ee1nsyehc3b3bvk4im8ystxravw6eow33w,approved,2024-01-18,none,,,kyc-only,no,https://github.com/Assure-DeFi/KYC-Certificates/blob/main/TrustBet%20On-Chain%20KYC%20Certificate.png,,
Reserve,reserve,,0xe70b94c2320fb0289db0cac0ccbd60dd8f51ff89,approved,2021-01-01,none,,,kyc-only,no,,,
RUN3SCAPE,run3scape,Ethereum,0x0a18f1c2e10f9a0af2328652bcd2ece0207664b2,approved,2024-10-08,none,,,kyc-only,no,https://github.com/Assure-DeFi/KYC-Certificates/blob/main/RUN3SCAPE%20KYC%20Certificate.png,,
Bitfinder,bitfinder,,0x5c53f04e80207f0067c0dbefb5d631c7b3739337,approved,2023-08-08,none,,,kyc-only,no,https://github.com/Assure-DeFi/KYC-Certificates/blob/main/Bitfinder%20KYC%20Certificate.png,,
WENIS COIN,weniscoin,Solana,,approved,2024-05-13,none,,,kyc-only,no,https://github.com/Assure-DeFi/KYC-Certificates/blob/main/WenisCoin%20KYC%20Certificate.png,,
Standard DAO,standard-dao,,,approved,2021-01-01,none,,,kyc-only,no,,,
SPESBaS,spesbas,,,approved,2023-03-05,none,,,kyc-only,no,https://github.com/Assure-DeFi/KYC-Certificates/blob/main/SPESBaS%20KYC%20Certificate.png,,
Sentra,sentra,Ethereum,0x93181f0625329fc0f5c35d1670ceb541867acc65,approved,2024-10-20,none,,,kyc-only,yes,https://github.com/Assure-DeFi/KYC-Certificates/blob/main/Sentra%20KYC%20Certificate.png,,
PlanetCats,planetcats,,0xa3a7f7ccc7b3f5be5828f92cc33cf5cafb027443,approved,2022-11-05,none,,,kyc-only,no,,,
AITAX,aitax,Ethereum,,approved,2024-04-25,completed,2024-05-05,95,full,no,https://github.com/Assure-DeFi/KYC-Certificates/blob/main/AITAX%20KYC%20Certificate.png,https://github.com/Assure-DeFi/Audits/blob/main/AITAX_ADVANCED_05_05_24.pdf https://github.com/Assure-DeFi/Audits/blob/main/AITAX_ADVANCED_04_28_24.pdf,
BlueList,bluelist,Ethereum,0x41a377bf66a6617efe1e50854ba70b27418bb778,approved,2024-02-09,none,,,kyc-only,no,https://github.com/Assure-DeFi/KYC-Certificates/blob/main/BlueList%20KYC%20Certificate.png,,
SAFU PEPE,safu-pepe,,0x1e850dbbcf0a067d306e09caefd5a49d1c32033c,approved,2023-05-23,none,,,kyc-only,no,https://github.com/Assure-DeFi/KYC-Certificates/blob/main/SAFU%20PEPE%20KYC%20Certificate.png,,
Dice DAO,dice-dao,,,approved,2021-01-01,none,,,kyc-only,no,,,
Atlas Rewards,atlas-rewards,BSC,0x03dd7eebeb79aec1602bbd6ef9240331a8721634,approved,2023-11-17,none,,,kyc-only,no,https://github.com/Assure-DeFi/KYC-Certificates/blob/main/Atlas%20Rewards%20KYC%20Certificate.png,,
EverSwap,everswap,,0x60684a1f27876aab7022da66909dd234f9cc9e3c,approved,2021-01-01,none,,,kyc-only,no,,,
Hector DAO,hector-dao,,0x5c4fdfc5233f935f20d2adba572f770c2e377ab0,approved,2021-01-01,none,,,kyc-only,no,,,
Equitable Growth Opportunity,equitable-growth-opportunity,,0x1df2c6df4d4e7f3188487f4515587c5e8b75dbfa,approved,2022-08-16,none,,,kyc-only,no,,,
RuneVM,runevm,Ethereum,,approved,2024-06-07,none,,,kyc-only,no,https://github.com/Assure-DeFi/KYC-Certificates/blob/main/RuneVM%20KYC%20Certificate.png,,
Bul.Finance,bul-finance,,,approved,2021-01-01,none,,,kyc-only,no,,,
Eden,eden,BSC,0xbf2e5bcc7ab88b002068e686a63cf59ebd2b0dd8,approved,2023-06-14,none,,,kyc-only,no,,,
SOLRUNE,solrune,Solana,enpgdyh9ffgxtw6d6l1g2z2wcmaly5rnuwwkgl1znmfr,approved,2024-05-17,none,,,kyc-only,no,https://github.com/Assure-DeFi/KYC-Certificates/blob/main/SOLRUNE%20KYC%20Certificate.png,,
Multinode.Finance,multinode-finance,,0xc468f872961200ecab30cff4e618e7dea8aedd4d,approved,2021-01-01,none,,,kyc-only,no,,,
Depot App,depot-app,Ethereum,0x8c174ac036c40941291f5eaadf2555fd6fb6a8df | 0xa9f105ecf6177c83d1dbaceefdf13b66081145a3,approved,2025-08-22,none,,,kyc-only,no,https://github.com/Assure-DeFi/KYC-Certificates/blob/main/Depot%20App%20KYC%20Certificate.png,,
Servertech,servertech,,,approved,2021-01-01,none,,,kyc-only,no,,,
Gnome Node NFT,gnome-node-nft,,,approved,2021-01-01,none,,,kyc-only,no,,,
Atlantis DAO,atlantis-dao,,0x3876fe02afde8063d739572d55a24a7704304643,approved,2023-07-30,none,,,kyc-only,no,https://github.com/Assure-DeFi/KYC-Certificates/blob/main/Atlantis%20DAO%20KYC%20Certificate.png,,
Pepe VR,pepe-vr,BSC,0x0b4fc49732157a59d406b63437e038ba5b0860bc,rejected,2023-05-12,none,,,rejected,no,,,
Noodle Fi,noodle-fi,BSC,0x3d935fb9d8c51826a074e17853c62c2a7990596f,rejected,2023-10-05,none,,,rejected,yes,,,
Virtue Finance,virtue-finance,Ethereum,0xbcc711e8ed39b3ca38364f4135571c9877155875,approved,2025-06-18,completed,,,full,yes,https://github.com/Assure-DeFi/KYC-Certificates/blob/main/Virtue%20Finance%20KYC%20Certificate.png,https://github.com/Assure-DeFi/Audits/blob/main/VirtueFinance_ADV_07_05_25.pdf https://github.com/Assure-DeFi/Audits/blob/main/Virtue%20Finance_ADV_06_12_25.pdf https://github.com/Assure-DeFi/Audits/blob/main/VirtueFinance_ADV_06_12_25.pdf,https://github.com/Assure-DeFi/Audit-Certificates/blob/main/VirtueFinance_ADV_07_05_25.png
Buildex Finance,buildex-finance,Ethereum,,approved,2024-11-07,none,,,kyc-only,no,https://github.com/Assure-DeFi/KYC-Certificates/blob/main/Buildex%20Finance%20KYC%20Certificate.png,,
EverGrow,evergrow,,0xc001bbe2b87079294c63ece98bdd0a88d761434e,approved,2021-01-01,none,,,kyc-only,no,,,
Evolia Protocol,evolia-protocol,,0xfecc6813be4aa8352fc30550413f3b808b5671c1,approved,2023-05-11,none,,,kyc-only,no,https://github.com/Assure-DeFi/KYC-Certificates/blob/main/Evolia%20Protocol%20KYC%20Certificate.png,,
Naoris Protocol,naoris-protocol,,,approved,2022-06-10,none,,,kyc-only,no,https://github.com/Assure-DeFi/KYC-Certificates/blob/main/Naoris%20Protocol%20KYC%20Certificate.png,,
MetaBotAI,metabotai,Ethereum,,approved,2023-09-03,completed,,,full,no,https://github.com/Assure-DeFi/KYC-Certificates/blob/main/MetaBotAI%20KYC%20Certificate.png,https://github.com/Assure-DeFi/Audits/blob/main/METABOT_ADV_10_23_24.pdf https://github.com/Assure-DeFi/Audits/blob/main/Metabot_ADV_10_12_24.pdf,
MemeMaker,mememaker,Ethereum,,approved,2023-07-07,none,,,kyc-only,no,https://github.com/Assure-DeFi/KYC-Certificates/blob/main/MemeMaker%20KYC%20Certificate.png,,
Clicks Platform,clicks-platform,BSC,0xc4e22124f80db9523ef59952bc4f4b0481163aed,approved,2023-08-15,none,,,kyc-only,yes,https://github.com/Assure-DeFi/KYC-Certificates/blob/main/Clicks%20Platform%20KYC%20Certificate.png,,
StellaryAI,stellaryai,Ethereum,0xcd4ee6c8052df6742e4b342cf720ff3ac74f415e,approved,2024-03-30,none,,,kyc-only,yes,https://github.com/Assure-DeFi/KYC-Certificates/blob/main/StellaryAI%20KYC%20Certificate.png,,
Bogged Finance,bogged-finance,,0xb09fe1613fe03e7361319d2a43edc17422f36b09,approved,2021-01-01,none,,,kyc-only,no,,,
GeneAlpha,genealpha,,0x5e6dd9a767894470e7e93e603c25f681a5adf1ae,none,2025-07-23,completed,,,audit-only,no,,https://github.com/Assure-DeFi/Audits/blob/main/GeneAlphaAi_ADV_07_23_25.pdf,https://github.com/Assure-DeFi/Audit-Certificates/blob/main/GeneAlphaAI_ADV_07_23_25.png
ShibaNovaDEX,shibanovadex,,,approved,2021-01-01,none,,,kyc-only,no,,,
Gx3.Ai,gx3.ai,Ethereum,0xb7d29ec03d87dcd5d6f6ea39a855d5566e6c8f36,approved,2025-05-27,none,,,kyc-only,yes,https://github.com/Assure-DeFi/KYC-Certificates/blob/main/Gx3.Ai%20KYC%20Certificate.png,,
Prometheus,prometheus,,0x4f7620a4e134b1d3fca3f419663acf351b225c74,approved,2021-01-01,none,,,kyc-only,no,,,
SierraDAO,sierradao,,,approved,2021-01-01,none,,,kyc-only,no,,,
BitrockAI,bitrockai,Bitrock,0xf9aed8aef967957d98575dbcc4a68ba77c02e821,rejected,2024-04-06,none,,,rejected,no,,,
GN,gn,,0x032c48b65d589c08fb2d427a2fc1a2ffc0b18ba8,approved,2021-01-01,none,,,kyc-only,no,,,
Venko,venko-tech,,3xhezws6lk7cmqovefzfxu3ry9gkymfz1vbwyq4f99ux,none,,completed,,,audit-only,no,,https://github.com/Assure-DeFi/Audits/blob/main/VENKO_ADV_10_14_24.pdf https://github.com/Assure-DeFi/Audits/blob/main/VENKO_TOKEN_08_03_24.pdf,https://github.com/Assure-DeFi/Audit-Certificates/blob/main/VENKO_ADV_10_14_24.png
Harmonized App,harmonized-app,,,approved,2021-01-01,none,,,kyc-only,no,,,
Trumpius Maximus,trumpius-maximum,Ethereum,0x47000a7b27a75d44ffadfe9d0b97fa04d569b323,none,2025-01-22,completed,,,audit-only,yes,,https://github.com/Assure-DeFi/Audits/blob/main/Trumpius%20Maximus_ADV_01_19_24.pdf,https://github.com/Assure-DeFi/Audit-Certificates/blob/main/Trumpius%20Maximus_ADV_01_19_24.png
Future,future,Ethereum,0x6a01b4bb5b423dc371cbc66b1b44629a248a814b,approved,2023-07-09,none,,,kyc-only,no,https://github.com/Assure-DeFi/KYC-Certificates/blob/main/FUTURE%20KYC%20CERT.png,,
Apex Nodes,apex-nodes,,0x2e768e86f691afe8a6f9277bbcd9c570ab868fc0,approved,2021-01-01,none,,,kyc-only,no,,,
Cronos Node,cronos-node,,0xd8eb4845b094e05f4d01d7bb3468238076f744f1,approved,2021-01-01,none,,,kyc-only,no,,,
Lynx Tech,lynx-tech,Ethereum,,approved,2023-09-26,completed,2023-09-27,95,full,no,https://github.com/Assure-DeFi/KYC-Certificates/blob/main/Lynx%20Tech%20KYC%20Certificate.png,https://github.com/Assure-DeFi/Audits/blob/main/LYNX_ERC%2020%20Token_09_27_2023.pdf https://github.com/Assure-DeFi/Audits/blob/main/LYNX%20TECH_Staking_12_19_23.pdf https://github.com/Assure-DeFi/Audits/blob/main/Lynx%20Tech_%24Lynx_Staking_Audit_12_14_23.pdf https://github.com/Assure-DeFi/Audits/blob/main/LYNX%20_Profit%20Sharing_10_22_2023.pdf https://github.com/Assure-DeFi/Audits/blob/main/LYNX%20_Profit%20Sharing_10_13_2023.pdf,https://github.com/Assure-DeFi/Audit-Certificates/blob/main/Lynx%20Tech_ERC%2020%20Token_9_27_2023.png
Tekio NFT,tekio-nft,Ethereum,,approved,2023-11-30,none,,,kyc-only,no,https://github.com/Assure-DeFi/KYC-Certificates/blob/main/Tekio%20NFT%20KYC%20Certificate.png,,
Devhub Project,devhub-project,Ethereum,tba,approved,2024-08-02,none,,,kyc-only,no,https://github.com/Assure-DeFi/KYC-Certificates/blob/main/Devhub%20Project%20KYC%20Certificate.png,,
Snowcat DAO,snowcat-dao,,0xbe3e1f44d99edb10cf6378e5a3879bb533a67331,approved,2021-01-01,none,,,kyc-only,no,,,
Platty Ai,platty-ai,Base,0xa26ac3591517c94ca21944ffc7f63dfd61c99068,approved,2024-04-09,none,,,kyc-only,no,https://github.com/Assure-DeFi/KYC-Certificates/blob/main/Platty%20Ai%20KYC%20Certificate.png,,
SoNoisy,sonoisy,Ethereum,0x2ed7204ec9fd77d3758dc7d3c5de4c9b510ad72b,approved,2023-12-21,none,,,kyc-only,no,https://github.com/Assure-DeFi/KYC-Certificates/blob/main/SoNoisy%20KYC%20Certificate.png,,
Re-Evolution,re-evolution,,,approved,2022-04-28,none,,,kyc-only,no,,,
PITTYS,pittys,,,approved,2021-01-01,none,,,kyc-only,no,,,
Toasty Finance,toasty-finance,,0xd518ea217aa04f9e43ca7c0cba2b8c6f69f1149f,approved,2022-05-17,none,,,kyc-only,no,,,
Scary Chain Capital,scary-chain-capital,,0xa231d452e4bca86672fd6109de94688d1e17aae5,approved,2021-01-01,none,,,kyc-only,no,,,
KRAET,kraet,Solana,dtifd4ply2mxhmyy1gvjhevvf5qa59pdmtmmmph2z4f1,approved,2024-07-11,none,,,kyc-only,no,https://github.com/Assure-DeFi/KYC-Certificates/blob/main/KRAET%20KYC%20Certificate.png,,
Algo Tech,algo-tech,Ethereum,0xebfd7dc7caf1a9d49f69516791a19ddd7c07c87c,rejected,2024-06-21,none,,,rejected,no,,,
DogKage,dogkage,,0xb0aa163e92f0c3b6005d0580cdcc5dd79c42301f,approved,2021-01-01,none,,,kyc-only,no,,,
Crafteo AI,crafteo-ai,BSC,,approved,2024-01-30,completed,2024-01-30,93,full,no,https://github.com/Assure-DeFi/KYC-Certificates/blob/main/Crafteo%20AI%20KYC%20Certificate.png,https://github.com/Assure-DeFi/Audits/blob/main/CRAFTEO_TOKEN_01_30_24.pdf https://github.com/Assure-DeFi/Audits/blob/main/CRAFTEO_TOKEN_01_29_24.pdf,https://github.com/Assure-DeFi/Audit-Certificates/blob/main/CRAFTEOAI_TOKEN_01_30_24.png
KryptoGangsters,kryptogangsters,,,approved,2021-01-01,none,,,kyc-only,no,,,
Lysin Finance,lysin-finance,,0xd67f98129aaab409c5040a141208510d902777e2,approved,2023-05-26,none,,,kyc-only,no,https://github.com/Assure-DeFi/KYC-Certificates/blob/main/Lysin%20Finance%20KYC%20Certificate.png,,
Bitrock Wallet,bitrock-wallet,Bitrock,,approved,2023-12-09,none,,,kyc-only,no,https://github.com/Assure-DeFi/KYC-Certificates/blob/main/Bitrock%20Wallet%20KYC%20Certificate.png,,
Hashlite Chain,Hashlite-chain,Ethereum,0xf61e0037a21326600a275bee67f9e495f0e0258e,approved,2023-08-04,none,,,kyc-only,no,https://github.com/Assure-DeFi/KYC-Certificates/blob/main/Hashlite%20Chain%20KYC%20Certificate.png,,
Hellsing Inu,hellsing-inu,,0xb087c2180e3134db396977065817aed91fea6ead,approved,2021-01-01,none,,,kyc-only,no,,,
Ecotrader,ecotrader,,0xb96682a8f558b8199a2dc039b1dd8911e5068faf,approved,2025-02-24,none,,,kyc-only,no,https://github.com/Assure-DeFi/KYC-Certificates/blob/main/Ecotrader%20KYC%20Certificate.png,,
Bonfire,bonfire,,0x6baefb2f6ecfb912eb0b5791a691c0af63ac6e85,approved,2022-09-06,none,,,kyc-only,no,,,
PayRave,payrave,Ethereum,,rejected,2024-04-01,none,,,rejected,no,,,
MIAU,miau,Base,,approved,2025-11-21,none,,,kyc-only,no,https://github.com/Assure-DeFi/KYC-Certificates/blob/main/Miau%20KYC%20Certificate.png,,
Loteraa,loteraa,Ethereum,,approved,2025-08-27,none,,,kyc-only,no,https://github.com/Assure-DeFi/KYC-Certificates/blob/main/Loteraa%20KYC%20Certificate.png,,
TinyTokens,tinytokens,,0x7b74fa93e623737f2219112bb9d2e3761ca48112,approved,2021-01-01,none,,,kyc-only,no,,,
The Dare AI,the-dare-ai,,,approved,2023-03-15,none,,,kyc-only,no,https://github.com/Assure-DeFi/KYC-Certificates/blob/main/The%20Dare%20AI%20KYC%20Certificate.png,,
Axoria,axoria,Ethereum,,approved,2025-02-01,none,,,kyc-only,no,https://github.com/Assure-DeFi/KYC-Certificates/blob/main/Axoria%20KYC%20Certificate.png,,
Not Much,not-much,,0x822d139b661ea5613f46f6f309b6b7a5517c60a7,approved,2021-01-01,none,,,kyc-only,no,,,
Gamety,gamety,,,approved,2024-11-28,none,,,kyc-only,no,https://github.com/Assure-DeFi/KYC-Certificates/blob/main/Gamety%20KYC%20Certificate.png,,
Lucky Strike,lucky-strike,,0x30571bb45a52a1fa1a8edad7bece80bcbb824cc3,approved,2021-01-01,none,,,kyc-only,no,,,
BABYIRBIS,babyirbis,BSC,0x514e0e6806541a1f53db0a07a75962fef9e5eb15,approved,2024-03-11,none,,,kyc-only,yes,https://github.com/Assure-DeFi/KYC-Certificates/blob/main/BABYIRBIS%20KYC%20Certificate.png,,
Human Bots,human-bots,BSC,,approved,2023-06-19,none,,,kyc-only,no,,,
FamilyVerse,familyverse,,0x1fe44c8bd8f39d046980115f985610da2bfddb07,approved,2021-01-01,none,,,kyc-only,no,,,
DungeonDefenders,dungeondefenders,Solana,,approved,2024-06-10,none,,,kyc-only,no,https://github.com/Assure-DeFi/KYC-Certificates/blob/main/DungeonDefenders%20KYC%20Certificate.png,,
Blocklance,blocklance,Ethereum,,approved,2025-01-15,none,,,kyc-only,no,https://github.com/Assure-DeFi/KYC-Certificates/blob/main/Blocklance%20KYC%20Certificate.png,,
Atom Protocol,atom-protocol,,,approved,2021-01-01,none,,,kyc-only,no,,,
The Army Force,the-army-force,,,approved,2023-03-14,none,,,kyc-only,no,https://github.com/Assure-DeFi/KYC-Certificates/blob/main/The%20Army%20Force%20KYC%20Certificate.png,,
FintyHub Token,fintyhub-token,Ethereum,0x3228ad31679e826e9efe1cace04fc0fb85ed482f,approved,2024-01-09,none,,,kyc-only,no,https://github.com/Assure-DeFi/KYC-Certificates/blob/main/FintyHub%20Token%20KYC%20Certificate.png,,
Strange Creatures,strange-creatures,,,approved,2021-01-01,none,,,kyc-only,no,,,
Radiant DeFi,radiant-defi,,0xe3ef2768709fae1c2c2aec0533235b312970933d,approved,2021-01-01,none,,,kyc-only,no,,,
PABLO,pablo,Ethereum,,approved,2023-06-22,none,,,kyc-only,no,,,
Web3Cantina,web3cantina,,,approved,2024-03-13,none,,,kyc-only,no,https://github.com/Assure-DeFi/KYC-Certificates/blob/main/Web3Cantina%20KYC%20Certificate.png,,
Luminous Angel,luminous-angel,,0xb7771389fbdd0b8a9cd4dbe3ada8923426283b71,approved,2022-09-26,none,,,kyc-only,no,,,
DigitalSafe Finance,digitalsafe-finance,,,approved,2022-06-07,none,,,kyc-only,no,,,
AXES DAO,axes-dao,,,approved,2021-01-01,none,,,kyc-only,no,,,
Valor of Knightfall,valor-of-knightfall,,0xa559384a75748d996e0cf9be319359af639adbdd,approved,2022-05-25,none,,,kyc-only,no,,,
Lumin Finance,lumin-finance,Ethereum,,approved,2023-12-19,none,,,kyc-only,no,https://github.com/Assure-DeFi/KYC-Certificates/blob/main/Lumin%20Finance%20KYC%20Certificate%201.png,,
Uncle Don,uncle-don,Solana,edsuvxl6lnuuna6xpzhpvbbezvfsbybwbeamenweuxxs,none,,completed,,,audit-only,no,,https://github.com/Assure-DeFi/Audits/blob/main/Uncle%20Don_SOL_10_31_24.pdf,https://github.com/Assure-DeFi/Audit-Certificates/blob/main/Uncle%20Don_SOL_10_31_24.png
LOL,lol,,0xf91ac30e9b517f6d57e99446ee44894e6c22c032,approved,2021-01-01,none,,,kyc-only,no,,,
PhotonSwap,photonswap,,0xbdd4e5660839a088573191a9889a262c0efc0983,approved,2021-01-01,none,,,kyc-only,no,,,
Cradle of Sins,cradle-of-sins,,0x4d9f39f7cb7c7444335077223ceef33dbb58096f,approved,2023-03-29,none,,,kyc-only,no,https://github.com/Assure-DeFi/KYC-Certificates/blob/main/Cradle%20of%20Sins%20KYC%20Certificate.png,,
Kudoe,kudoe,,,approved,2023-01-18,none,,,kyc-only,no,https://github.com/Assure-DeFi/KYC-Certificates/blob/main/Kudoe%20KYC%20Certificate.png,,
Votecoin,votecoin,BSC,0xc19b391ce0c838058a1210afc4326e214332adfe,rejected,2023-06-08,none,,,rejected,no,,,
SafeMoo,safemoo,BSC,0x5cdabc6bc3b14a77a502cce5ea05d04a0cf52557,approved,2023-11-21,none,,,kyc-only,yes,https://github.com/Assure-DeFi/KYC-Certificates/blob/main/SafeMoo%20KYC%20Certificate.png,,
Hive Investments,hive-investments,,,approved,2021-01-01,none,,,kyc-only,no,,,
CRYPAD,crypad,,0xbd93a148cbcd617031e317d39a7cca2bc8fe0665,approved,2023-04-14,none,,,kyc-only,no,https://github.com/Assure-DeFi/KYC-Certificates/blob/main/CRYPAD%20KYC%20Certificate.png,,
Infinia AI,infinia-ai,Ethereum,,approved,2024-12-30,none,,,kyc-only,no,https://github.com/Assure-DeFi/KYC-Certificates/blob/main/Infinia%20AI%20KYC%20Certificate.png,,
Nimbi wolfpack,nimbi-wolfpack,Ethereum,,approved,2024-12-09,none,,,kyc-only,no,https://github.com/Assure-DeFi/KYC-Certificates/blob/main/Nimbi%20wolfpack%20KYC%20Certificate.png,,
Moonship,moonship,Ethereum,0x00418db0e2647833ee43873d93ac5e858da00f94,approved,2024-03-17,none,,,kyc-only,no,https://github.com/Assure-DeFi/KYC-Certificates/blob/main/Moonship%20KYC%20Certificate.png,,
Morph AI,morph-ai,Ethereum,0x683989afc948477fd38567f8327f501562c955ac,approved,2024-12-05,none,,,kyc-only,no,https://github.com/Assure-DeFi/KYC-Certificates/blob/main/Morph%20AI%20KYC%20Certificate.png,,
S.C.A.M.,s-c-a-m,Ethereum,0x590f00edc668d5af987c6076c7302c42b6fe9dd3,approved,2023-06-21,none,,,kyc-only,yes,,,
Athame Finance,athame-finance,,0x0f707bb0e254868896aea49a3b50fd1ff3252480,approved,2022-04-21,none,,,kyc-only,no,,,
Based Finance,based-finance,,0x8d7d3409881b51466b483b11ea1b8a03cded89ae,approved,2021-01-01,none,,,kyc-only,no,,,
HedgeFi,hedgefi,Ethereum,0xe56a10448c632e44605dcc5201c36122ff9d0250,approved,2024-09-23,completed,,,full,yes,https://github.com/Assure-DeFi/KYC-Certificates/blob/main/HedgeFi%20KYC%20Certificate.png,https://github.com/Assure-DeFi/Audits/blob/main/HedgeFi_ADV_06_19_25.pdf https://github.com/Assure-DeFi/Audits/blob/main/HedgeFi_ADV_06_18_25.pdf,
OcNest Ai,ocnest-ai,Ethereum,0xe0396ef787f8b0385f0e73d30acf8b922b1761f1,none,2025-02-06,completed,,,audit-only,no,,https://github.com/Assure-DeFi/Audits/blob/main/OcNest_ADV_02_06_24.pdf,https://github.com/Assure-DeFi/Audit-Certificates/blob/main/OcNest_ADV_02_06_24.png
KEYS,keys,Ethereum,0xe854579578ac64fd993d63395e03f1b2ce27b366,approved,2025-04-12,none,,,kyc-only,no,https://github.com/Assure-DeFi/KYC-Certificates/blob/main/KEYS%20KYC%20Certificate.png,,
Spear Finance,spear-finance,,0x4860a28be33ad04dadfc91722728effa8430f836,approved,2021-01-01,none,,,kyc-only,no,,,
Metaegg,metaegg,,0x0475ae77fb55005f15554642d6016c75fd04227a,approved,2022-07-26,none,,,kyc-only,no,,,
Gempad,gempad,Base,0x7401ddd4a8e530f59cd555117e8d3d791dd0fdba,none,2024-12-21,completed,,,audit-only,no,,https://github.com/Assure-DeFi/Audits/blob/main/GEMPAD_LOCKER_12_27_24.pdf https://github.com/Assure-DeFi/Audits/blob/main/GEMPAD_LOCK_12_23_24.pdf https://github.com/Assure-DeFi/Audits/blob/main/Gempad_LOCKER_12_21_24.pdf,https://github.com/Assure-DeFi/Audit-Certificates/blob/main/GEMPAD_LOCKER_12_27_24.png
Chirpley,chirpley,BSC,0xed00fc7d48b57b81fe65d1ce71c0985e4cf442cb | 0x70bc0dc6414eb8974bc70685f798838a87d8cce4,approved,2024-03-30,none,,,kyc-only,no,https://github.com/Assure-DeFi/KYC-Certificates/blob/main/Chirpley%20KYC%20Certificate.png,,
BetSwirl,betswirl,,0x9246a5f10a79a5a939b0c2a75a3ad196aafdb43b,approved,2021-01-01,none,,,kyc-only,no,,,
Neurahub,neurahub,Ethereum,,approved,2024-03-15,none,,,kyc-only,no,https://github.com/Assure-DeFi/KYC-Certificates/blob/main/Neurahub%20KYC%20Certificate.png,,
BlockBiz,blockbiz,Ethereum,0xa4eecca178cf9d6007be55d13d4e6d056b0b295d,approved,2023-10-11,none,,,kyc-only,no,https://github.com/Assure-DeFi/KYC-Certificates/blob/main/BlockBiz%20KYC%20Certificate.png,,
Neonsora,neonsora,BSC,0x5566c35b35efe9b611c61c6ed293d6e4316fbc55,approved,2025-03-11,none,,,kyc-only,no,https://github.com/Assure-DeFi/KYC-Certificates/blob/main/Neonsora%20KYC%20Certificate.png,,
VibeZone Online,vibezone-online,BSC,0xf394c9f6b719e4756fea32f7436c43c71cd8297a,approved,2023-06-23,none,,,kyc-only,no,,,
Wrapped Platform (@WRAP_Platform) / X,ganja-inu,,,approved,2021-01-01,none,,,kyc-only,no,,,
Bourbon and Blockchain Services,bourbon-and-blockchain-services,,,approved,2022-11-12,none,,,kyc-only,no,,,
Dracula Game,dracula-game,,,approved,2021-01-01,none,,,kyc-only,no,,,
NFTMall,nftmall,,0xbac1df744df160877cdc45e13d0394c06bc388ff,approved,2021-01-01,none,,,kyc-only,no,,,
FluffCoin,fluffcoin,Solana,8c8k4hefaeulsfoxgdtjcbjx3wqy7lzesfxlaffbkmp4,approved,2024-07-23,none,,,kyc-only,no,https://github.com/Assure-DeFi/KYC-Certificates/blob/main/FluffCoin%20KYC%20Certificate.png,,
RIFTs Finance,rifts,Solana,hjbmk5rabydavukyrvrscbnp9knn9nldksbn2qpppump | effu64glbvnd2gsagotj5kuewefn8qtj9caxexxfz7c2,approved,2026-01-09,completed,,,full,no,https://github.com/Assure-DeFi/KYC-Certificates/blob/main/Rifts%20Finance%20KYC%20Certificate.png,https://github.com/Assure-DeFi/Audits/blob/main/RIFTS_PROTOCOL_ADV_1_6_26.pdf https://github.com/Assure-DeFi/Audits/blob/main/RIFTS_DAPP_ADV_1_5_26.pdf https://github.com/Assure-DeFi/Audits/blob/main/RIFTS_PROTOCOL_ADV_1_5_26.pdf https://github.com/Assure-DeFi/Audits/blob/main/RIFTS_DAPP_ADV_1_2_26.pdf https://github.com/Assure-DeFi/Audits/blob/main/RIFTS_PROTOCOL_ADV_1_2_26.pdf https://github.com/Assure-DeFi/Audits/blob/main/RIFTS_ADV_11_21_25.pdf https://github.com/Assure-DeFi/Audits/blob/main/RIFTS_ADV_10_11_25.pdf https://github.com/Assure-DeFi/Audits/blob/main/RIFTS_ADV_10_06_25.pdf https://github.com/Assure-DeFi/Audits/blob/main/RIFTS_ADV_10_03_25.pdf https://github.com/Assure-DeFi/Audits/blob/main/RIFTS_ADV_09_02_25.pdf,https://github.com/Assure-DeFi/Audit-Certificates/blob/main/RIFTS_PROTOCOL_ADV_1_6_26.png https://github.com/Assure-DeFi/Audit-Certificates/blob/main/RIFTS_DAPP_ADV_1_5_26.png https://github.com/Assure-DeFi/Audit-Certificates/blob/main/RIFTS_ADV_11_20_25.png
YieldBricks,yieldbricks,Ethereum,0x11920f139a3121c2836e01551d43f95b3c31159c | 0x9d9535dae62f5f12ab83f1183dca1ead244b0db3,approved,2021-12-01,none,,,kyc-only,no,https://github.com/Assure-DeFi/KYC-Certificates/blob/main/YieldBricks%20KYC%20Certificate.png,,
Gigantix Wallet,gigantix-wallet,Ethereum,,approved,2023-11-25,none,,,kyc-only,no,https://github.com/Assure-DeFi/KYC-Certificates/blob/main/Gigantix%20Wallet%20KYC%20Certificate.png,,
StoryFire,storyfire,,,approved,2024-02-01,none,,,kyc-only,no,https://github.com/Assure-DeFi/KYC-Certificates/blob/main/StoryFire%20KYC%20Certificate.png,,
Cryptter,cryptter,,,approved,2021-01-01,none,,,kyc-only,no,,,
Monsta Corp,monsta-corp,Base,0xf5c83ea805e5aeff5de24c7da23ef246c2bf8ec7,approved,2024-12-20,none,,,kyc-only,no,https://github.com/Assure-DeFi/KYC-Certificates/blob/main/Monsta%20Corp%20KYC%20Certificate.png,,
REUCOIN,reucoin,,0xb75c6239bac16a03cd9ee51d9730eb4f47f04ba2,approved,2021-01-01,none,,,kyc-only,no,,,
Emojinu,emojinu,Ethereum,0x910c26fc1466cc64fb7ba8e8f5351e307e8aa496,approved,2023-11-14,none,,,kyc-only,no,,,
Pi Protocol,pi-protocol,,,approved,2023-03-09,none,,,kyc-only,no,https://github.com/Assure-DeFi/KYC-Certificates/blob/main/Pi%20Protocol%20KYC%20Certificate.png,,
Hitmakr,hitmakr,Ethereum,,approved,2023-11-29,none,,,kyc-only,no,https://github.com/Assure-DeFi/KYC-Certificates/blob/main/Hitmakr%20KYC%20Certificate.png,,
Skynet Protocol,skynet-protocol,,0x6df11ac62d758f266302ede219b0c6b30735fac3,approved,2023-04-18,none,,,kyc-only,no,,,
FX1,fx1,,,approved,2023-01-29,none,,,kyc-only,no,https://github.com/Assure-DeFi/KYC-Certificates/blob/main/FX1%20KYC%20Certificate.png,,
ValiFi,valifi,,0x13031535e6f95076e0a36bc86e8aa64af3ba6961,approved,2021-01-01,none,,,kyc-only,no,,,
SafeSUN,safesun,,tba,none,,completed,,,audit-only,no,,https://github.com/Assure-DeFi/Audits/blob/main/SAFESUN_ADV_08_23_24.pdf https://github.com/Assure-DeFi/Audits/blob/main/SAFESUN_ADV_TRON_08_21_24.pdf https://github.com/Assure-DeFi/Audits/blob/main/SAFESUN_ADV_TRON_08_20_24.pdf,https://github.com/Assure-DeFi/Audit-Certificates/blob/main/SAFESUN_ADV_08_23_24.png
Pinecone Community,pinecone-community,,,approved,2021-01-01,none,,,kyc-only,no,,,
Agentify,agentify,Ethereum,,approved,2025-09-23,none,,,kyc-only,no,https://github.com/Assure-DeFi/KYC-Certificates/blob/main/Agentify%20KYC%20Certificate.png,,
Parallel AI,parallel-ai,Ethereum,0x13e4b8cffe704d3de6f19e52b201d92c21ec18bd,approved,2024-09-21,none,,,kyc-only,no,https://github.com/Assure-DeFi/KYC-Certificates/blob/main/Parallel%20AI%20KYC%20Certificate.png,,
DRVN Labo,drvn-labo,Base,0x5800f112f8802e69949059b7772367b88235ea3c,approved,2024-12-16,completed,,,full,no,https://github.com/Assure-DeFi/KYC-Certificates/blob/main/DRVN%20Labo%20KYC%20Certificate.png,https://github.com/Assure-DeFi/Audits/blob/main/DRVN%20LABO_ADV_08_06_25.pdf https://github.com/Assure-DeFi/Audits/blob/main/DRVN%20LABO_ADV_07_09_25.pdf https://github.com/Assure-DeFi/Audits/blob/main/DRVN%20Labo_ADV_06_05_25.pdf,https://github.com/Assure-DeFi/Audit-Certificates/blob/main/DRVN%20LABO_ADV_08_06_25.png https://github.com/Assure-DeFi/Audit-Certificates/blob/main/DRVN%20LABO_ADV_07_09_25.png
Hadouken Finance,hadouken-finance,,,approved,2022-12-29,none,,,kyc-only,no,,,
Diamond Bank Hedge Fund,diamond-bank-hedge-fund,,,approved,2021-01-01,none,,,kyc-only,no,,,
Triassic,triassic,,,approved,2022-07-17,none,,,kyc-only,no,,,
Unicorn Nodes,unicorn-nodes,,,approved,2021-01-01,none,,,kyc-only,no,,,
AmpliFi,amplifi,,0xd23367155b55d67492dfdc0fc7f8bb1df7114fd9,approved,2022-08-26,none,,,kyc-only,no,,,
Beat Matchmaker,beat-matchmaker,Ethereum,0xc7290af237d1d3f6b207b7acb3dd186b868da500,approved,2024-12-05,none,,,kyc-only,yes,https://github.com/Assure-DeFi/KYC-Certificates/blob/main/Beat%20Matchmaker%20KYC%20Certificate.png,,
Golden Inu,golden-inu,,0x7d4984490c4c68f8ead9dddca6d04c514ef77324,approved,2023-02-08,none,,,kyc-only,no,https://github.com/Assure-DeFi/KYC-Certificates/blob/main/Golden%20Inu%20KYC%20Certificate.png,,
Bublio,bublio,Solana,,approved,2025-11-02,none,,,kyc-only,no,https://github.com/Assure-DeFi/KYC-Certificates/blob/main/Bublio%20KYC%20Certificate.png,,
KimberLite Token,kimberlite-token,Ethereum,0x4d521d9a3315d3bff083579f70e9411bf1dfd159,approved,2023-02-09,none,,,kyc-only,no,https://github.com/Assure-DeFi/KYC-Certificates/blob/main/KimberLite%20Token%20KYC%20Certificate.png,https://github.com/Assure-DeFi/Audits/blob/main/KIMBERLITE_ST_10_26_25.pdf,https://github.com/Assure-DeFi/Audit-Certificates/blob/main/KIMBERLITE_ST_10_26_25.png
Sentinel Incubator,sentinel-incubator,,tba,none,,completed,,,audit-only,no,,,
OPAL Exchange,opal,Ethereum,0x199e2cfaf8b4f2cc5423971ef3749d1c89cf815c,none,2025-10-06,completed,,,audit-only,no,,https://github.com/Assure-DeFi/Audits/blob/main/OPAL_ADV_10_06_25.pdf https://github.com/Assure-DeFi/Audits/blob/main/OPAL_ADV_09_29_25.pdf https://github.com/Assure-DeFi/Audits/blob/main/OPAL_ADV_09_25_25.pdf,https://github.com/Assure-DeFi/Audit-Certificates/blob/main/OPAL_ADV_10_06_25.png
FanVerse,fanverse,,,approved,2021-01-01,none,,,kyc-only,no,,,
EarthMeta,earthmeta,,0x708383ae0e80e75377d664e4d6344404dede119a,approved,2024-05-31,none,,,kyc-only,no,https://github.com/Assure-DeFi/KYC-Certificates/blob/main/EarthMeta%20KYC%20Certificate.png,,
ReiGroup,reigroup,,,approved,2022-06-02,none,,,kyc-only,no,,,
AfterBurner Finance,afterburner-finance,,,approved,2022-07-25,none,,,kyc-only,no,,,
DOUG,doug,Solana,dzkrsetn9ypwzabqtuab5uzdouyvruqk3hvd3wwkevry,approved,2025-12-11,none,,,kyc-only,no,https://github.com/Assure-DeFi/KYC-Certificates/blob/main/DOUG%20KYC%20Certificate.png,,
Heal The World LLC,heal-the-world-llc,,0x383b0b2ce2e1757b5e1d087d8f36013ea595541a,approved,2021-01-01,none,,,kyc-only,no,,,
Safereum 2.0,safereum-20,Ethereum,,rejected,2023-10-11,none,,,rejected,no,,,
Hushr,hushr,Ethereum,0x8079751edb6bf16078b07585ee60010f430617d5,approved,2025-07-03,none,,,kyc-only,no,https://github.com/Assure-DeFi/KYC-Certificates/blob/main/Hushr%20KYC%20Certificate.png,,
Myusic AI,myusic-ai,Ethereum,t1 | t2,approved,2025-09-01,none,,,kyc-only,no,https://github.com/Assure-DeFi/KYC-Certificates/blob/main/Myusic%20AI%20KYC%20Certificate.png,,
BloodLoop,bloodloop,,0xe57528d817c6bb52fa11a25bf899403a6e312ee9,approved,2023-09-08,completed,2023-09-09,90,full,no,https://github.com/Assure-DeFi/KYC-Certificates/blob/main/BloodLoop%20KYC%20Certificate.png,https://github.com/Assure-DeFi/Audits/blob/main/BloodLoop_ERC%2020%20Token_09-09-2023.pdf,
Winks.fun,winks-fun,Ethereum,,approved,2024-11-06,none,,,kyc-only,no,https://github.com/Assure-DeFi/KYC-Certificates/blob/main/Winks.fun%20KYC%20Certificate.png,,
CATE,cate,Ethereum,0xa00453052a36d43a99ac1ca145dfe4a952ca33b8,none,,completed,,,audit-only,yes,,https://github.com/Assure-DeFi/Audits/blob/main/CATE_ADV_09_18_24.pdf,https://github.com/Assure-DeFi/Audit-Certificates/blob/main/CATE_ADV_09_18_24.png
BuildAI,buildai,Ethereum,0x73454acfddb7a36a3cd8eb171fbea86c6a55e550,approved,2024-02-24,none,,,kyc-only,yes,https://github.com/Assure-DeFi/KYC-Certificates/blob/main/BuildAI%20KYC%20Certificate.png,,
OnlyPUMP,onlypump,BSC,0xb13e7b5ca6aaf73420a2d786aa12540183042549,none,2025-08-05,completed,,,audit-only,no,,https://github.com/Assure-DeFi/Audits/blob/main/OnlyPUMP_ADV_11_08_25.pdf https://github.com/Assure-DeFi/Audits/blob/main/OnlyPump_Fee%20Manager_10_25_25.pdf https://github.com/Assure-DeFi/Audits/blob/main/OnlyPUMP_Fee%20Manager_10_16_25.pdf https://github.com/Assure-DeFi/Audits/blob/main/ONLYPUMP_ADV_08_05_25.pdf https://github.com/Assure-DeFi/Audits/blob/main/OnlyPUMP_ADV_07_16_25.pdf https://github.com/Assure-DeFi/Audits/blob/main/ONLYPUMP_ADV_07_03_25.pdf,https://github.com/Assure-DeFi/Audit-Certificates/blob/main/OnlyPump_Fee%20Manager_10_25_25.png https://github.com/Assure-DeFi/Audit-Certificates/blob/main/ONLYPUMP_ADV_08_05_25.png
CreateAI,createai,Ethereum,0xa2d4af83f7403285bc1041700737663f8ac43380,approved,2024-08-17,none,,,kyc-only,yes,https://github.com/Assure-DeFi/KYC-Certificates/blob/main/Create%20AI%20KYC%20Certificate.png https://github.com/Assure-DeFi/KYC-Certificates/blob/main/CreateAI%20KYC%20Certificate.png,,
ProphetBots,prophetbots,Ethereum,0xafb676bd0a268e5a95a8a3d7b5b4b85bf44141ab,approved,2023-11-10,none,,,kyc-only,no,https://github.com/Assure-DeFi/KYC-Certificates/blob/main/Prophetbots%20KYC%20Certificate.png,https://github.com/Assure-DeFi/Audits/blob/main/ProphetBots_Router_V4_REV%202_1_24.pdf https://github.com/Assure-DeFi/Audits/blob/main/ProphetBots_Router_01_19_24.pdf https://github.com/Assure-DeFi/Audits/blob/main/ProphetBots_Router_V3_01_23_24.pdf https://github.com/Assure-DeFi/Audits/blob/main/Prophet%20Bots_Router_V2_01_19_24.pdf,https://github.com/Assure-DeFi/Audit-Certificates/blob/main/PROPHETBOTS_ROUTER_01_19_24.png
YieldRone,yieldrone,Ethereum,0x376e23eb751b4722ceee123c924aca46f23e1ca1,none,,completed,2024-02-14,89,audit-only,no,,https://github.com/Assure-DeFi/Audits/blob/main/YIELDRONE_ERC%2020%20Token_02_14_2024.pdf https://github.com/Assure-DeFi/Audits/blob/main/YIELDRONE_ERC%2020%20Token_02_13_2024.pdf,https://github.com/Assure-DeFi/Audit-Certificates/blob/main/YIELDRONE_ERC%2020%20Token_02_14_2024.png
PAYDAX,paydax,Ethereum,0xb69c715906db6476846cefcb437555e1232ce3ab,approved,2025-09-21,completed,,,full,no,https://github.com/Assure-DeFi/KYC-Certificates/blob/main/PAYDAX%20KYC%20Certificate.png,https://github.com/Assure-DeFi/Audits/blob/main/PAYDAX_ST_09_19_25.pdf,https://github.com/Assure-DeFi/Audit-Certificates/blob/main/PAYDAX_ST_09_19_25.png
Meme Soccer Goal,meme-soccer-goal,Manta,0xea11287c654b069b5d02d9f885447b6b363a4609,approved,2024-10-19,none,,,kyc-only,no,https://github.com/Assure-DeFi/KYC-Certificates/blob/main/Meme%20Soccer%20Goal%20KYC%20Certificate.png,,
BlastUP,blastup,Blast,,approved,2024-03-05,none,,,kyc-only,no,https://github.com/Assure-DeFi/KYC-Certificates/blob/main/BlastUP%20KYC%20Certificate.png,,
WASPvsBEE,waspvsbee,,,approved,2021-01-01,none,,,kyc-only,no,,,
Cloak Network,cloak-network,Ethereum,0xde496a902836601e86e79d5b10e713c95580640b,none,2025-06-17,completed,,,audit-only,no,,https://github.com/Assure-DeFi/Audits/blob/main/CLOAK_ADV_06_16_25.pdf,https://github.com/Assure-DeFi/Audit-Certificates/blob/main/CLOAK_ADV_06_16_25.png
Dongo.ai,dongo-ai,Ethereum,0x8c213ae332274e6314bf4cf989604e7f61162967,approved,2024-04-14,none,,,kyc-only,no,https://github.com/Assure-DeFi/KYC-Certificates/blob/main/Dongo.ai%20KYC%20Certificate.png,,
Forest Financial,forest-financial,,,approved,2021-01-01,none,,,kyc-only,no,,,
Superman Coin,superman-coin,Ethereum,0x3a548fc09ad72bcf2a2f8a5753c182d242ba89ae,approved,2023-09-29,completed,2023-10-13,90,full,no,https://github.com/Assure-DeFi/KYC-Certificates/blob/main/Superman%20Coin%20KYC%20Certificate.png,https://github.com/Assure-DeFi/Audits/blob/main/Superman%20Coin_ERC%2020%20Token_10_13_2023.pdf,https://github.com/Assure-DeFi/Audit-Certificates/blob/main/Superman%20Coin_ERC%2020%20Token_10_13_2023.png
Beezle AI,beezle-ai,Ethereum,0x3a268d20419771a77297bbf2da4c6853a3cef25e,approved,2025-01-31,none,,,kyc-only,yes,https://github.com/Assure-DeFi/KYC-Certificates/blob/main/%20Beezle%20AI%20KYC%20Certificate.png,,
World Compute Network,world-compute-network,Ethereum,0xc3698f2f34e8396f7915c1b9fc10966525074291,none,,completed,,,audit-only,no,,https://github.com/Assure-DeFi/Audits/blob/main/World%20Compute%20Network_TOKEN_11_01_24.pdf https://github.com/Assure-DeFi/Audits/blob/main/World%20Compute%20Network_TOKEN_10_29_24.pdf,https://github.com/Assure-DeFi/Audit-Certificates/blob/main/World%20Compute%20Network_TOKEN_11_01_24.png
Node Puppy Club,node-puppy-club,,,approved,2021-01-01,none,,,kyc-only,no,,,
Magenta,magenta,Ethereum,,approved,2025-08-12,none,,,kyc-only,no,https://github.com/Assure-DeFi/KYC-Certificates/blob/main/Magenta%20KYC%20Certificate.png,,
Silica Utility Token,silica-utility-token,BSC,0x70e1bc7e53eaa96b74fad1696c29459829509be2,approved,2023-07-13,none,,,kyc-only,no,https://github.com/Assure-DeFi/KYC-Certificates/blob/main/Silica%20Utility%20Token%20KYC%20Certificate.png,,
Donate Financial,donate-financial,,,approved,2021-01-01,none,,,kyc-only,no,,,
Griffin Finance,griffin-finance,,,approved,2021-01-01,none,,,kyc-only,no,,,
OBAMA CEO,obama-ceo,BSC,0xd1bf057d2b9760947fd968ca89e82ac5f31a2109,rejected,2023-05-01,none,,,rejected,no,,,
Space Bots,space-bots,,,approved,2021-01-01,none,,,kyc-only,no,,,
Options Ai,options-ai,Ethereum,0xb67cf01958b1a06c330f5a46501fe1fb2ec82aaa,approved,2024-12-04,none,,,kyc-only,no,https://github.com/Assure-DeFi/KYC-Certificates/blob/main/Options%20Ai%20KYC%20Certificate.png,,
Kuku World,kuku-world,BSC,0x0293cd84d7c67d508dea8d8dd28a9c4e8bd1b8fa,approved,2023-09-15,none,,,kyc-only,no,https://github.com/Assure-DeFi/KYC-Certificates/blob/main/Kuku%20World%20KYC%20Certificate.png,,
MicroGPT,microgpt,Ethereum,0x8cedb0680531d26e62abdbd0f4c5428b7fdc26d5,approved,2024-08-01,none,,,kyc-only,yes,https://github.com/Assure-DeFi/KYC-Certificates/blob/main/MicroGPT%20KYC%20Certificate.png,,
PolySAFU,polysafu,,,approved,2021-01-01,none,,,kyc-only,no,,,
Corkscrew Financial,corkscrew-financial,,0x2f13f452b601ac73113c6585cacdcceaef060cbe,approved,2021-01-01,none,,,kyc-only,no,,,
Monolitify,monolitify,Ethereum,0xa908e871b3a70ed2331fce180aaa871e9536133f,approved,2023-12-28,none,,,kyc-only,yes,https://github.com/Assure-DeFi/KYC-Certificates/blob/main/Monolitify%20KYC%20Certificate.png,https://github.com/Assure-DeFi/Audits/blob/main/Monolitify_Token_12_30_23.pdf,
KeySea,keysea,Linea,0x28c0c1b47021c9d7bbd26c83eea448f377f9600a,approved,2023-10-20,none,,,kyc-only,no,https://github.com/Assure-DeFi/KYC-Certificates/blob/main/KeySea%20KYC%20Certificate.png,,
Website AI,website-ai,Ethereum,,approved,2023-10-12,none,,,kyc-only,no,https://github.com/Assure-DeFi/KYC-Certificates/blob/main/Website%20AI%20KYC%20Certificate.png,https://github.com/Assure-DeFi/Audits/blob/main/WebsiteAI_STAKING_02_17_24.pdf https://github.com/Assure-DeFi/Audits/blob/main/Website%20AI_Staking%20Contract_11_27_23.pdf,
BiggerMINDS,biggerminds,,0x92876c3a3e2b0788c841587a14989392a555bffe,approved,2021-01-01,none,,,kyc-only,no,,,
CPA,cpa,Base,0xb60da3b856ea9d55828e8d08c10da118856ade2c,approved,2025-10-20,none,,,kyc-only,no,https://github.com/Assure-DeFi/KYC-Certificates/blob/main/CPA%20KYC%20Certificate.png,,
Compute Credits,compute-credits,Ethereum,,approved,2024-10-10,none,,,kyc-only,no,https://github.com/Assure-DeFi/KYC-Certificates/blob/main/Compute%20Credits%20KYC%20Certificate.png,,
ICB Network,icb-network,,,approved,2024-03-26,none,,,kyc-only,no,https://github.com/Assure-DeFi/KYC-Certificates/blob/main/ICB%20Network%20KYC%20Certificate.png,https://github.com/Assure-DeFi/Audits/blob/main/ICB%20Network_Vesting_04_18_24.pdf,
Pepe Killer,pepe-killer,,0x49253b1dd140200323350c0f7e3fd40fc1cb6ee1,approved,2023-05-30,none,,,kyc-only,no,https://github.com/Assure-DeFi/KYC-Certificates/blob/main/Pepe%20Killer%20KYC%20Certificate.png,,
AISatoshi,aisatoshi,,0xcd195f8a533ba33b2b1f0a39234284f07d88b9aa,approved,2023-05-25,none,,,kyc-only,no,https://github.com/Assure-DeFi/KYC-Certificates/blob/main/AISatoshi%20KYC%20Certificate.png,,
Uniforge Network,uniforge,Ethereum,,approved,2023-10-12,none,,,kyc-only,no,https://github.com/Assure-DeFi/KYC-Certificates/blob/main/Uniforge%20KYC%20Certificate.png,,
ChainSwap,chainswap,Ethereum,0xae41b275aaaf484b541a5881a2dded9515184cca,approved,2024-03-13,completed,2024-03-28,89,full,no,https://github.com/Assure-DeFi/KYC-Certificates/blob/main/ChainSwap%20KYC%20Certificate.png,https://github.com/Assure-DeFi/Audits/blob/main/CSWAP_TOKEN_03_28_24.pdf,
0xHuntBot,0xhuntbot,Ethereum,,approved,2023-12-13,none,,,kyc-only,no,https://github.com/Assure-DeFi/KYC-Certificates/blob/main/0xHuntBot%20KYC%20Certificate.png,,
Dogewhale,dogewhale,,0x43adc41cf63666ebb1938b11256f0ea3f16e6932,approved,2021-01-01,none,,,kyc-only,no,,,
Pillar Finance,pillar-finance,Ethereum,0x6a1d6a577b17b425f3437c8a7c2c4d3a161816d8,approved,2024-12-19,none,,,kyc-only,no,https://github.com/Assure-DeFi/KYC-Certificates/blob/main/Pillar%20Finance%20KYC%20Certificate.png,,
Twenty 4 Seven,twenty-4-seven,BSC,0x4cb10a0216bdaa44035dfffc49323d269f66fcd7,approved,2023-06-29,none,,,kyc-only,no,https://github.com/Assure-DeFi/KYC-Certificates/blob/main/Twenty%204%20Seven%20KYC%20Certificate.png,,
ZetherNetwork,zethernetwork,Solana,ajydnwribqqz97wthk3chmvhsek51rgwmrxg8txfvgcr,approved,2024-07-01,completed,,,full,no,https://github.com/Assure-DeFi/KYC-Certificates/blob/main/ZetherNetwork%20KYC%20Certificate.png,,
mQsala,mqsala-coin,BSC,0x091b8ada4885f7a5514c7d4b1b59fec4eb61fc6d,approved,2025-07-03,completed,,,full,no,https://github.com/Assure-DeFi/KYC-Certificates/blob/main/mQsala%20KYC%20Certificate.png,https://github.com/Assure-DeFi/Audits/blob/main/MQSALA_ADV_07_04_25.pdf https://github.com/Assure-DeFi/Audits/blob/main/MQSALA_ADV_07_01_25.pdf https://github.com/Assure-DeFi/Audits/blob/main/MQSALA_ADV_06_30_25.pdf,https://github.com/Assure-DeFi/Audit-Certificates/blob/main/MQSALA_ADV_07_04_25.jpeg
Galaxy,galaxy-glx,Ethereum,,approved,2024-05-31,none,,,kyc-only,no,https://github.com/Assure-DeFi/KYC-Certificates/blob/main/Galaxy%20KYC%20Certificate.png,,
Ordinals BTC,ordinals-btc,Ethereum,,rejected,2023-02-11,none,,,rejected,no,,,
Sushi Game,sushi-game,,,approved,2021-01-01,none,,,kyc-only,no,,,
Apefarmer,apefarmer,,0x313cbfd67f4e98fd94f3e5387bbec48d078aa3a4,approved,2021-01-01,none,,,kyc-only,no,,,
IgnitePad,ignitepad,Solana,3vxqycgfvd9148ckbe857d7rahtevnorsmvxynld66hf,approved,2023-11-08,none,,,kyc-only,no,https://github.com/Assure-DeFi/KYC-Certificates/blob/main/IgnitePad%20KYC%20Certificate.png,,
Kronos Bot,kronos-bot,Ethereum,0x37f5ac1b0c1a07d19270983d6889c181a0a3d6f7,approved,2024-10-10,none,,,kyc-only,yes,https://github.com/Assure-DeFi/KYC-Certificates/blob/main/Kronos%20Bot%20KYC%20Certificate.png,,
Quick Intel,quick-intel,Ethereum,0xbcd4d5ac29e06e4973a1ddcd782cd035d04bc0b7,approved,2024-03-13,none,,,kyc-only,no,https://github.com/Assure-DeFi/KYC-Certificates/blob/main/Quick%20Intel%20KYC%20Certificate.png,,
Kiwi Swap,kiwi-swap,Ethereum,0xcca28c3aba68ae6dc88f63ceb43efa11a9ca144e,approved,2025-06-09,none,,,kyc-only,no,https://github.com/Assure-DeFi/KYC-Certificates/blob/main/Kiwi%20Swap%20KYC%20Certificate.png,,
Bornhub,bornhub,Solana,4pl7s5es9df1xivkiagw5jqtukvolzg7ohddipdqenfjk,approved,2024-04-07,completed,2024-04-12,90,full,no,https://github.com/Assure-DeFi/KYC-Certificates/blob/main/Bornhub%20KYC%20Certificate.png,https://github.com/Assure-DeFi/Audits/blob/main/BORNHUB_TOKEN_04_12_24.pdf,https://github.com/Assure-DeFi/Audit-Certificates/blob/main/BORNHUB_TOKEN_04_12_24.png
Metadapp,metadapp,Ethereum,,approved,2024-02-29,none,,,kyc-only,no,https://github.com/Assure-DeFi/KYC-Certificates/blob/main/Metadapp%20KYC%20Certificate.png,,
The PepeFather,the-pepefather,,,approved,2023-05-23,none,,,kyc-only,no,https://github.com/Assure-DeFi/KYC-Certificates/blob/main/The%20PepeFather%20KYC%20Certificate.png,,
Solcubator,solcubator,,,approved,2021-01-01,none,,,kyc-only,no,,,
BloxSIM,bloxsim,Ethereum,0xeaebb6cd3a1f9b9cad725d0189ba5bfea25a9d76,none,,completed,,,audit-only,yes,,https://github.com/Assure-DeFi/Audits/blob/main/BloxSIM_ADV_10_08_24.pdf https://github.com/Assure-DeFi/Audits/blob/main/BloxSIM_ADV2_10_08_24.pdf,https://github.com/Assure-DeFi/Audit-Certificates/blob/main/BloxSIM_ADV_10_08_24.png
TDX,tdx,BSC,,approved,2025-04-04,none,,,kyc-only,no,https://github.com/Assure-DeFi/KYC-Certificates/blob/main/TDX%20KYC%20Certificate.png,,
Keeplin Token,keeplin-token,Ethereum,,approved,2025-08-27,none,,,kyc-only,no,,,
MINKSWAP,minkswap,,0x3d7f4af227ee9bbf7119c36289183b95a04dbbee,approved,2022-09-13,none,,,kyc-only,no,,,
Fluidity Protocol,fluidity-protocol,,,approved,2021-01-01,none,,,kyc-only,no,,,
DogeShibaFlokiKabosuBoneElonMars69Inu,DogeShibaFlokiKabosuBoneElonMars69Inu,Ethereum,0xcf389c8883ac2f212800793b6aaa2ad7424b7f8d,approved,2023-08-20,none,,,kyc-only,no,https://github.com/Assure-DeFi/KYC-Certificates/blob/main/DogeShibaFlokiKabosuBoneElonMars69Inu%20KYC%20Certificate.png,,
BomberZilla,bomberzilla,,0xbe1c4aca222d23bb877566de091d77e870abc3bd,approved,2022-12-08,none,,,kyc-only,no,,,
Oshikuru,oshikuru,Ethereum,0x25156acc07ac2cfb09901caf242a14f94e76d1d3,approved,2023-06-24,none,,,kyc-only,no,https://github.com/Assure-DeFi/KYC-Certificates/blob/main/Oshikuru%20KYC%20Certificate.png,,
MUGA,muga,Solana,dqtartcju29mokbpnsnkh3tza9mrb68gcwvssbldsafe,approved,2025-10-31,completed,,,full,no,https://github.com/Assure-DeFi/KYC-Certificates/blob/main/MUGA%20KYC%20Certificate.png,https://github.com/Assure-DeFi/Audits/blob/main/MUGA%20EARN_SOL_10_30_25.pdf,https://github.com/Assure-DeFi/Audit-Certificates/blob/main/MUGA_SOL_10_30_25.png.png
Seismic CB,seismic-cb,,0x6602d72a77235bd0666c141989831ad435b1552a,approved,2023-04-21,none,,,kyc-only,no,https://github.com/Assure-DeFi/KYC-Certificates/blob/main/Seismic%20CB%20KYC%20Certificate.png,,
Norexa,norexa,Ethereum,0xde860ac02d0f22363da499577ca7894afd8c98b4,approved,2025-07-18,none,,,kyc-only,yes,https://github.com/Assure-DeFi/KYC-Certificates/blob/main/Norexa%20KYC%20Certificate.png,https://github.com/Assure-DeFi/Audits/blob/main/NOREXA_YieldOptimizer_10_13_25.pdf https://github.com/Assure-DeFi/Audits/blob/main/NOREXA_YieldOptimizer_09_23_25.pdf https://github.com/Assure-DeFi/Audits/blob/main/NOREXA_ADV_07_24_25.pdf https://github.com/Assure-DeFi/Audits/blob/main/NOREXA_ADV_07_20_25.pdf,https://github.com/Assure-DeFi/Audit-Certificates/blob/main/NOREXA_ADV_07_24_25.png
SeleneGameFi,selenegamefi,,,approved,2021-01-01,none,,,kyc-only,no,,,
KEI Finance,kei-finance,Arbitrum,,approved,2023-09-26,none,,,kyc-only,no,https://github.com/Assure-DeFi/KYC-Certificates/blob/main/KEI%20Finance%20KYC%20Certificate.png,,
Survivor Protocol,survivor-protocol,,,approved,2022-06-10,none,,,kyc-only,no,,,
UniswapEthereumVitalik.eth,uniswapethereumvitalik-eth,Ethereum,0x4b29fef92969b3511902ec8beb8c830008ed2cc4,approved,2023-08-14,none,,,kyc-only,no,https://github.com/Assure-DeFi/KYC-Certificates/blob/main/UniswapEthereumVitalik.eth%20KYC%20Certificate.png,,
The Hextech Project,the-hextech-project,,,approved,2021-01-01,none,,,kyc-only,no,,,
Decentralized NFT Algorithm,decentralized-nft-algorithm,,,approved,2022-05-04,none,,,kyc-only,no,,,
Shiba Inu X,shiba-inu-x,BSC,0x056dcb53d2cc0869c27fe47d4621318585794ec8,rejected,2023-09-24,none,,,rejected,no,,,
Altcoinist,altcoinist,,,approved,2024-02-03,none,,,kyc-only,no,https://github.com/Assure-DeFi/KYC-Certificates/blob/main/Altcoinist%20KYC%20Certificate.png,,
SHILLD,shilld,Ethereum,0x3adf095d04311d7bf05c838f0d3dc34a83d81ab6,approved,2023-08-29,completed,2023-08-30,91,full,no,https://github.com/Assure-DeFi/KYC-Certificates/blob/main/SHILLD%20KYC%20Certificate.png,https://github.com/Assure-DeFi/Audits/blob/main/SHILLD_ERC%2020%20Token_08_30_2023.pdf https://github.com/Assure-DeFi/Audits/blob/main/20230830_ASSUREDEFI_SHILLD_SHILLD_Audit_230830_231102.pdf https://github.com/Assure-DeFi/Audits/blob/main/20230830_ASSUREDEFI_SHILLD_SHILLD_Audit.pdf,https://github.com/Assure-DeFi/Audit-Certificates/blob/main/SHILLD_ERC%2020%20Token_8_30_2023.png
Decentralized ETF,decentralized-etf,,0xa5c1940fa491e830a5a25bda04986f741f08fd26,approved,2021-01-01,none,,,kyc-only,no,,,
Novacore,novacore,Ethereum,0xb2c42a595c9147dd6146cc559e584c306c70e8e6,approved,2023-12-31,none,,,kyc-only,no,https://github.com/Assure-DeFi/KYC-Certificates/blob/main/NovaCore%20KYC%20Certificate.png,,
Galactic Goons,galactic-goons,,,approved,2021-01-01,none,,,kyc-only,no,,,
Alto,alto,Ethereum,contract not deployed yet | t2,approved,2025-12-14,none,,,kyc-only,no,https://github.com/Assure-DeFi/KYC-Certificates/blob/main/Alto%20KYC%20Certificate.png,,
EthBurn,ethburn,,0xd1c0c25c5d7ba21df222bd2623ecbc0cb264b5f4,approved,2022-11-01,none,,,kyc-only,no,,,
Blue Pepe,blue-pepe,,0xfa2dea7a1619476988827dad8923f6f2a18dd782,approved,2023-05-14,none,,,kyc-only,no,https://github.com/Assure-DeFi/KYC-Certificates/blob/main/Blue%20Pepe%20KYC%20Certificate.png,,
Bictory Finance,bictory-finance,,,approved,2022-07-11,none,,,kyc-only,no,,,
TradeHive,tradehive,Ethereum,0xe41de38463d2828f725d9d039d723279d2f37620,rejected,2023-02-04,none,,,rejected,yes,,,
Thravos,thravos,Base,0x125cfdbb86a2bc1e298ee546bd98e3f4f75a23ca,approved,2024-12-05,none,,,kyc-only,no,https://github.com/Assure-DeFi/KYC-Certificates/blob/main/Thravos%20KYC%20Certificate.png,,
ELONTIX,elontix,Ethereum,,approved,2023-06-24,none,,,kyc-only,no,https://github.com/Assure-DeFi/KYC-Certificates/blob/main/Elontix%20KYC%20Certificate.png,https://github.com/Assure-DeFi/Audits/blob/main/ELONTIX%20Audit_ERC20%20Token_7_28_23.pdf,
Legendary Safuu Club,legendary-safuu-club,,,approved,2022-09-08,none,,,kyc-only,no,,,
Kernel Finance,kernel-finance,,,approved,2021-01-01,none,,,kyc-only,no,,,
Nebula AI,nebula-ai,Ethereum,0x701c7542cd5d69494ef9fc8829a7f6093ad8084c,approved,2025-03-28,none,,,kyc-only,no,,,
AURK,aurk,Ethereum,0xea00c770f3948519f2c551f72d82b5a226f6ba05,none,2026-01-12,completed,,,audit-only,no,,https://github.com/Assure-DeFi/Audits/blob/main/AURK_ADV_1_12_26.pdf,https://github.com/Assure-DeFi/Audit-Certificates/blob/main/AURK_ADV_1_12_26.png
Barium Network,barium-network,Arbitrum,0x533dddbfddd628bd43a70e564e924f97321892c9,rejected,2023-05-29,none,,,rejected,no,https://github.com/Assure-DeFi/KYC-Certificates/blob/main/Barium%20Network%20KYC%20Certificate.png,,
Gradient,gradient,Ethereum,0xa776a95223c500e81cb0937b291140ff550ac3e4,approved,2025-06-18,completed,,,full,no,https://github.com/Assure-DeFi/KYC-Certificates/blob/main/Gradient%20KYC%20Certificate.png,https://github.com/Assure-DeFi/Audits/blob/main/GRADIENT_MM_09_22_25.pdf https://github.com/Assure-DeFi/Audits/blob/main/Gradient_Bundle_07_11_25.pdf https://github.com/Assure-DeFi/Audits/blob/main/Gradient_Bundle_07_09_25.pdf https://github.com/Assure-DeFi/Audits/blob/main/Gradient_Bundle_07_06_25.pdf https://github.com/Assure-DeFi/Audits/blob/main/Gradient_OrderBook_ADV_06_12_25.pdf https://github.com/Assure-DeFi/Audits/blob/main/Gradient_ADV_06_11_25.pdf https://github.com/Assure-DeFi/Audits/blob/main/Gradient_ADV_06_05_25.pdf https://github.com/Assure-DeFi/Audits/blob/main/Gradient_ADV_06_02_25.pdf https://github.com/Assure-DeFi/Audits/blob/main/Gradient_ADV_05_30_25.pdf https://github.com/Assure-DeFi/Audits/blob/main/Gradient_ADV_4_09_20_25.pdf,https://github.com/Assure-DeFi/Audit-Certificates/blob/main/GRADIENT_MM_09_22_25.png https://github.com/Assure-DeFi/Audit-Certificates/blob/main/Gradient_OrderBook_ADV_06_12_25.png https://github.com/Assure-DeFi/Audit-Certificates/blob/main/Gradient_ADV_06_05_25.png
Superverse,superverse,BSC,0xe82b6f44964e7157031ee5a2d808af9812e24f13,approved,2023-11-29,none,,,kyc-only,no,https://github.com/Assure-DeFi/KYC-Certificates/blob/main/Superverse%20KYC%20Certificate.png,,
Wooooo Coin,wooooo-coin,Ethereum,0x9b73ff728d7d4a423e2166a8dfaa1e79d30cdde9,approved,2024-01-23,none,,,kyc-only,no,https://github.com/Assure-DeFi/KYC-Certificates/blob/main/Wooooo%20Coin%20KYC%20Certificate.png,,
deHedge.Fund,dehedge-fund,,,approved,2023-02-28,none,,,kyc-only,no,https://github.com/Assure-DeFi/KYC-Certificates/blob/main/deHedge.Fund%20KYC%20Certificate.png,,
GrokGrow,grokgrow,Ethereum,0x377de38159bf87111c1523055b4a8c3a1a971722 | 0x9279e052f1c3e6de937d9837e88fdf780ce5ee73,approved,2023-12-06,none,,,kyc-only,no,https://github.com/Assure-DeFi/KYC-Certificates/blob/main/GrokGrow%20KYC%20Certificate.png,https://github.com/Assure-DeFi/Audits/blob/main/GrokGrow_BSC_ERC%2020%20Token_12_18_23.pdf https://github.com/Assure-DeFi/Audits/blob/main/GrokGrow_v1_ERC20%20Token_12_06_2023.pdf https://github.com/Assure-DeFi/Audits/blob/main/GrokGrow_v2_ERC%2020%20Token_12_06_2023.pdf,https://github.com/Assure-DeFi/Audit-Certificates/blob/main/GrokGrow_BSC_ERC%2020%20Token_12_18_23.png https://github.com/Assure-DeFi/Audit-Certificates/blob/main/GrokGrow_ERC%2020%20Token_12_06_2023.png https://github.com/Assure-DeFi/Audit-Certificates/blob/main/GrokGrow_ERC%2020%20Token_12_06_23.png
Cellex,cellex,Ethereum,0x9c4ab3c926ad52e1281f6e8783cb4fe4512c5e3f,none,2025-06-15,completed,,,audit-only,no,,https://github.com/Assure-DeFi/Audits/blob/main/CELLEX_ADV_06_13_25.pdf,https://github.com/Assure-DeFi/Audit-Certificates/blob/main/CELLEX_ADV_06_13_25.png
Univerz DAO,univerz-dao,,0x1f1c8b8caa6d207c68f1bbf26b8f38ac83fab086,approved,2023-06-06,none,,,kyc-only,no,https://github.com/Assure-DeFi/KYC-Certificates/blob/main/Univerz%20DAO%20KYC%20Certificate.png,,
ZODOR,zodor,Ethereum,0x8258df28cbaa51199c0a8b7e1de1d669e4be9fc1,approved,2025-03-10,none,,,kyc-only,no,https://github.com/Assure-DeFi/KYC-Certificates/blob/main/ZODOR%20KYC%20Certificate.png,,
Mesh AI,mesh-ai,,,rejected,2024-10-01,none,,,rejected,no,,,
Push Rug,push-rug,BSC,0x3e07568d4353c09434e8cbde6c089ffb0c07b63c,rejected,2023-05-23,none,,,rejected,no,,,
Mage Labs,mage-labs,Base,,approved,2024-05-22,none,,,kyc-only,no,https://github.com/Assure-DeFi/KYC-Certificates/blob/main/Mage%20Labs%20KYC%20Certificate.png,,
VitalikMumDOGE,vitalikmumdoge,Metis,0xae4065d87fcc9b7c99596c68c464415eef87a48a,none,,completed,2024-02-13,88,audit-only,no,,https://github.com/Assure-DeFi/Audits/blob/main/VITALIKMUMDOGE_ERC%2020%20Token_02_13_2024.pdf,https://github.com/Assure-DeFi/Audit-Certificates/blob/main/VITALIKMUMDOGE_ERC%2020%20Token_02_13_2024.png
CraftIsland,craftisland,,,approved,2021-01-01,none,,,kyc-only,no,,,
Our Grim Imperium,our-grim-imperium,,0xfcad61bd44f6a965cb278e17e157cf33ddc105ba,approved,2023-03-03,none,,,kyc-only,no,https://github.com/Assure-DeFi/KYC-Certificates/blob/main/Our%20Grim%20Imperium%20KYC%20Certificate.png,,
DUMBASS UNCHAINED,dumbass-unchained,Bitrock,0x47094defb05e50309499acd572fa107c89c3b305,approved,2024-04-05,none,,,kyc-only,no,https://github.com/Assure-DeFi/KYC-Certificates/blob/main/DUMBASS%20UNCHAINED%20KYC%20Certificate.png,,
Olympus Inu DAO,olympus-inu-dao,,0x98f817765f69c802a7b188a3165a3267ad2d1123,approved,2021-01-01,none,,,kyc-only,no,,,
Floppa,floppa,Ethereum,0x993247236c4b1b8474b586b55440046e9ee6ec76,rejected,2023-05-28,none,,,rejected,no,,,
Astra Ai,astra-ai,Ethereum,0x0aa8a7d1fb4c64b3b1dcea9a7ade81c59c25b95b,approved,2025-05-22,none,,,kyc-only,no,https://github.com/Assure-DeFi/KYC-Certificates/blob/main/Astra%20Ai%20KYC%20Certificate.png,,
TaxSolutions.AI,taxsolutions-ai,Ethereum,0x2f65c4c067a9d65875ba60b078ac7c17d522fcca,approved,2024-10-23,none,,,kyc-only,yes,https://github.com/Assure-DeFi/KYC-Certificates/blob/main/TaxSolutions.AI%20KYC%20Certificate.png,,
Pepe Arab,pepe-arab,Ethereum,0xd573710db209ca8461cba0dff6ec67f815821c3f,none,2025-01-24,completed,,,audit-only,no,,https://github.com/Assure-DeFi/Audits/blob/main/PepeArab_ADV_01_24_24.pdf,https://github.com/Assure-DeFi/Audit-Certificates/blob/main/PepeArab_ADV_01_24_24.png
FatBoy,fatboy,Ethereum,,approved,2023-03-09,none,,,kyc-only,no,https://github.com/Assure-DeFi/KYC-Certificates/blob/main/FatBoy%20KYC%20Certificate.png,,
Frost Nodes,frost-nodes,,0x1fd40eb4e8b945ed1ad098d90ddf8a3e5537db55,approved,2021-01-01,none,,,kyc-only,no,,,
SmartNodes,smartnodes,,,approved,2021-01-01,none,,,kyc-only,no,,,
COLD,cold,,,approved,2023-03-09,none,,,kyc-only,no,https://github.com/Assure-DeFi/KYC-Certificates/blob/main/COLD%20KYC%20Certificate.png,,
Athen,athen,,,approved,2021-01-01,none,,,kyc-only,no,,,
Dark Forest x Nature,dark-forest-x-nature,,,approved,2021-01-01,none,,,kyc-only,no,,,
TurboSwap,turboswap,,,approved,2023-03-21,none,,,kyc-only,no,https://github.com/Assure-DeFi/KYC-Certificates/blob/main/TurboSwap%20KYC%20Certificate.png,,
Karen PEPE,karen-pepe,Ethereum,0xfe6f2e70f30a0894d0aee79e11653275e89c7bd6,approved,2023-11-03,none,,,kyc-only,no,https://github.com/Assure-DeFi/KYC-Certificates/blob/main/Karen%20PEPE%20KYC%20Certificate.png,,
Token Events,token-events,Ethereum,,approved,2025-02-15,none,,,kyc-only,no,https://github.com/Assure-DeFi/KYC-Certificates/blob/main/Token%20Events%20KYC%20Certificate.png,,
Freedom Global Token 1.0,freedom-global-token-1-0,Ethereum,,approved,2023-11-10,none,,,kyc-only,no,https://github.com/Assure-DeFi/KYC-Certificates/blob/main/Freedom%20Global%20Token%201.0%20KYC%20Certificate.png,,
WISETOOLS,wisetools,Ethereum,,approved,2023-12-11,none,,,kyc-only,no,https://github.com/Assure-DeFi/KYC-Certificates/blob/main/WISETOOLS%20KYC%20Certificate.png,https://github.com/Assure-DeFi/Audits/blob/main/WiseTools_ERC%2020%20Token_12_14_23.pdf,
Friends with Benefits,friends-with-benefits,,,approved,2023-10-20,none,,,kyc-only,no,https://github.com/Assure-DeFi/KYC-Certificates/blob/main/Friends%20with%20Benefits%20KYC%20Certificate.png,,
Smart Chain Ventures,smart-chain-ventures,,,approved,2023-03-29,none,,,kyc-only,no,https://github.com/Assure-DeFi/KYC-Certificates/blob/main/Smart%20Chain%20Ventures%20KYC%20Certificate.png,,
OTO Motors,oto-motors,,,approved,2021-01-01,none,,,kyc-only,no,,,
loudbeats,loudbeats,,,approved,2023-04-04,none,,,kyc-only,no,https://github.com/Assure-DeFi/KYC-Certificates/blob/main/loudbeats%20KYC%20Certificate.png,,
Chiba Neko,chiba-neko,Ethereum,0xbe9f4f6c8dadb2ac61f31eb1f5171e27d8552df7,approved,2023-10-26,none,,,kyc-only,yes,https://github.com/Assure-DeFi/KYC-Certificates/blob/main/CHIBA%20NEKO%20KYC%20Certificate.png,,
DonutSwap,donutswap,Ethereum,,approved,2024-06-04,none,,,kyc-only,no,https://github.com/Assure-DeFi/KYC-Certificates/blob/main/DonutSwap%20KYC%20Certificate.png,,
Rising Giraffes,rising-giraffes,,,approved,2023-03-24,none,,,kyc-only,no,https://github.com/Assure-DeFi/KYC-Certificates/blob/main/Rising%20Giraffes%20KYC%20Certificate.png,,
BandZai,bandzai,Ethereum,0x9424fde68418b71ea1d3de95547ef67f4dc8f573,approved,2023-11-24,none,,,kyc-only,no,https://github.com/Assure-DeFi/KYC-Certificates/blob/main/Bandzai%20KYC%20Certificate.png,,
The Krypto Miners Club,the-krypto-miners-club,,,approved,2023-02-24,none,,,kyc-only,no,https://github.com/Assure-DeFi/KYC-Certificates/blob/main/The%20Krypto%20Miners%20Club%20KYC%20Certificate.png,,
DATANOMIKA,datanomika,Ethereum,0xd675fa35655a7a78bb3803929f456e135417c0e9,approved,2023-10-22,none,,,kyc-only,no,https://github.com/Assure-DeFi/KYC-Certificates/blob/main/DATANOMIKA%20KYC%20Certificate.png,,
Goliath,goliath,Ethereum,,rejected,2023-06-09,none,,,rejected,no,,,
ROAI Scalper,roai-scalper,Ethereum,0x11a2bf09f5b97689e6038f2b67ed9995d4042ac6,approved,2025-04-12,completed,,,full,no,https://github.com/Assure-DeFi/KYC-Certificates/blob/main/ROAI%20Scalper%20KYC%20Certificate.png,,
Random Defi,random-defi,Arbitrum,0xcb0c6c0325d3aa14d2bbe686f9f95b003326023f,rejected,2023-03-14,none,,,rejected,no,,,
NeuraVox,neuravox,Ethereum,0xb5274d9f803b4b15607c6e180ef8f68fe990f73b,approved,2025-01-10,none,,,kyc-only,no,https://github.com/Assure-DeFi/KYC-Certificates/blob/main/NeuraVox%20KYC%20Certificate.png,,
Dove Finance,dove-finance,,,approved,2021-01-01,none,,,kyc-only,no,,,
Saitanobi,saitanobi,,0x5e9f35e8163c44cd7e606bdd716abed32ad2f1c6,approved,2021-01-01,none,,,kyc-only,no,,,
crosterix,crosterix,Ethereum,,approved,2026-01-20,none,,,kyc-only,no,https://github.com/Assure-DeFi/KYC-Certificates/blob/main/Crosterix%20KYC%20Certificate.png,,
MODUS,modus,AirDAO,0x8a3869d8b77f7989b29a293e3491d77ea8654dc2,approved,2024-03-08,completed,2024-04-05,90,full,no,https://github.com/Assure-DeFi/KYC-Certificates/blob/main/MODUS%20KYC%20Certificate.png,https://github.com/Assure-DeFi/Audits/blob/main/MODUS_V6_04_05_24.pdf https://github.com/Assure-DeFi/Audits/blob/main/MODUS_V3_02_12_24.pdf https://github.com/Assure-DeFi/Audits/blob/main/MODUS_V5_04_05_24.pdf https://github.com/Assure-DeFi/Audits/blob/main/MODUS_V2_02_02_24.pdf https://github.com/Assure-DeFi/Audits/blob/main/Modus_ERC%2020_01_26_2024.pdf,https://github.com/Assure-DeFi/Audit-Certificates/blob/main/MODUS_MAIN_04_05_24.png
FUBU Inu,fubu-inu,,,approved,2021-01-01,none,,,kyc-only,no,,,
Despoke,despoke,Ethereum,0x658d94771f9e3c3af0b96b455d748129255ffa4e,approved,2025-01-08,none,,,kyc-only,yes,https://github.com/Assure-DeFi/KYC-Certificates/blob/main/Despoke%20KYC%20Certificate.png,,
Jammas Arcade,jammas-arcade,Bitrock,0xfaf9a02db868cb557aa9ef6c9eeaac34afd013e2,approved,2024-04-04,none,,,kyc-only,no,https://github.com/Assure-DeFi/KYC-Certificates/blob/main/Jammas%20Arcade%20KYC%20Certificate.png,,
BONGO,bongo,Solana,,approved,2024-03-24,none,,,kyc-only,no,https://github.com/Assure-DeFi/KYC-Certificates/blob/main/BONGO%20KYC%20Certificate.png,,
SHARBI,sharbi,Ethereum,0x9bd20ed5be5e1b50cdbb28270a2f0815d9d23af3,approved,2024-02-02,none,,,kyc-only,yes,https://github.com/Assure-DeFi/KYC-Certificates/blob/main/SHARBI%20KYC%20Certificate.png,https://github.com/Assure-DeFi/Audits/blob/main/SHARBI_API_08_11_25.pdf https://github.com/Assure-DeFi/Audits/blob/main/SHARBI_APP_08_11_25.pdf https://github.com/Assure-DeFi/Audits/blob/main/SHARBI_CONTRACTS_08_11_25.pdf https://github.com/Assure-DeFi/Audits/blob/main/SHARBI_API_07_28_25.pdf https://github.com/Assure-DeFi/Audits/blob/main/SHARBI_APP_07_28_25.pdf https://github.com/Assure-DeFi/Audits/blob/main/SHARBI_CONTRACTS_07_28_25.pdf,
InfluenceHer,influenceher,Ethereum,0x7a097173f1c9e78d84800381c1da649b688cd823,approved,2025-06-15,none,,,kyc-only,yes,https://github.com/Assure-DeFi/KYC-Certificates/blob/main/InfluenceHer%20KYC%20Certificate.png,,
Bitrock,bitrock,Ethereum,0xde67d97b8770dc98c746a3fc0093c538666eb493,approved,2023-08-05,none,,,kyc-only,yes,https://github.com/Assure-DeFi/KYC-Certificates/blob/main/Bitrock%20KYC%20Certificate.png,,
SELF,self,,0x50c34995a273075a80c23625f69f40d56ce414de,approved,2023-01-05,none,,,kyc-only,no,https://github.com/Assure-DeFi/KYC-Certificates/blob/main/SELF%20KYC%20Certificate.png,,
DAWKOINS,dawkoins,Solana,7cb67ev3jvbkaah1tnvm8fl8wfq96sa2tybyexajqx8n,approved,2024-03-26,none,,,kyc-only,no,https://github.com/Assure-DeFi/KYC-Certificates/blob/main/DAWKOINS%20KYC%20Certificate.png,,
Darkveil,darkveil,Solana | Ethereum,f1qmooyujr3x7mktgenwvfg4elbk429bamqdcyztveil,approved,2025-11-03,none,,,kyc-only,no,https://github.com/Assure-DeFi/KYC-Certificates/blob/main/Darkveil%20KYC%20Certificate.png,,
ETF Swap,etf-swap,Ethereum,0x53ea0e52f4a20000665d47be1dd7b0184dee8277,rejected,2024-07-01,none,,,rejected,no,,,
DSQ Solutions,dsq-solutions,Ethereum,0x7340ea46360576dc46ef49bce99bc5072c32421d,approved,2024-05-04,none,,,kyc-only,no,https://github.com/Assure-DeFi/KYC-Certificates/blob/main/DSQ%20Solutions%20KYC%20Certificate.png,,
MevX,mevx,Solana,,approved,2024-08-14,none,,,kyc-only,no,https://github.com/Assure-DeFi/KYC-Certificates/blob/main/MevX%20KYC%20Certificate.png,,
Nomoex,nomoex,BSC,tba,approved,2024-07-10,completed,2024-07-12,91,full,no,https://github.com/Assure-DeFi/KYC-Certificates/blob/main/Nomoex%20KYC%20Certificate.png,https://github.com/Assure-DeFi/Audits/blob/main/NOMOEX_TOKEN_07_11_24.pdf https://github.com/Assure-DeFi/Audits/blob/main/NOMOEX_TOKEN_ADV_07_11_24.pdf,
Cygnus Network,cygnus-network,BSC,,approved,2024-04-01,none,,,kyc-only,no,https://github.com/Assure-DeFi/KYC-Certificates/blob/main/Cygnus%20Network%20KYC%20Certificate.png,https://github.com/Assure-DeFi/Audits/blob/main/Cygnus%20Network_Token_DAO_02_02_24.pdf,
Hyperpool,hyperpool,Ethereum,,approved,2024-10-26,none,,,kyc-only,no,https://github.com/Assure-DeFi/KYC-Certificates/blob/main/Hyperpool%20KYC%20Certificate.png,,
IOTAI,iotai,,0xd8e154ede9401dabb860fe84fecd2761b895bc50,none,2025-07-25,completed,,,audit-only,yes,,https://github.com/Assure-DeFi/Audits/blob/main/IOTAI_ADV_07_25_25.pdf,https://github.com/Assure-DeFi/Audit-Certificates/blob/main/IOTAI_ADV_07_25_25.png
Solarbeam,solarbeam,,0x6bd193ee6d2104f14f94e2ca6efefae561a4334b,approved,2021-01-01,none,,,kyc-only,no,,,
Blockchain Web Services,blockchain-web-services,Ethereum,0xaade1d6701173bd924c9de2d56a00ef4e3d9de4d,approved,2024-10-17,none,,,kyc-only,no,https://github.com/Assure-DeFi/KYC-Certificates/blob/main/Blockchain%20Web%20Services%20KYC%20Certificate.png,,
Rockocoin,rockocoin,Bitrock,0x55042d507502a703e6cae5ee8534d784155d58a4,approved,2024-04-02,none,,,kyc-only,no,https://github.com/Assure-DeFi/KYC-Certificates/blob/main/Rockocoin%20KYC%20Certificate.png,,
Ask Me Anything,ask-me-anything,,,approved,2021-01-01,none,,,kyc-only,no,,,
IDOSCAN,idoscan,,0x1da25d0a242c3b42d6774e0a41d5a142e127f891,approved,2021-01-01,none,,,kyc-only,no,,,
Futurum Gaming,futurum-gaming,Ethereum,,approved,2023-12-13,none,,,kyc-only,no,https://github.com/Assure-DeFi/KYC-Certificates/blob/main/Futurum%20Gaming%20KYC%20Certificate.png,,
Brainiac Finance,brainiac-finance,,,approved,2022-08-29,none,,,kyc-only,no,,,
Pepe Max,pepe-max,Ethereum,0x70313803ab81fd8a0fd946382f001557c6618d7d,approved,2023-07-19,none,,,kyc-only,no,https://github.com/Assure-DeFi/KYC-Certificates/blob/main/Pepe%20Max%20KYC%20Certificate.png,,
Wicked Bet,wicked-bet,Ethereum,0xa9049425b938c46ac3e312d4cdaeccb26282aeb2,approved,2023-09-11,none,,,kyc-only,no,https://github.com/Assure-DeFi/KYC-Certificates/blob/main/Wicked%20Bet%20KYC%20Certificate.png,,
Zenith Wallet,zenith-wallet,Ethereum,0x52d30b949bdbc63780e5a263cf436d4df983fe58,approved,2023-08-26,none,,,kyc-only,no,https://github.com/Assure-DeFi/KYC-Certificates/blob/main/Zenith%20Wallet%20KYC%20Certificate.png,,
V8COIN,v8coin,Ethereum,0x7b9c4a01f45d91cdb8b8966385783fc0745dcc77,approved,2025-06-29,none,,,kyc-only,no,https://github.com/Assure-DeFi/KYC-Certificates/blob/main/V8COIN%20KYC%20Certificate.png,,
Grow Mine Operation,grow-mine-operation,,0xb953433bd0f041d61fae7be030707867eb78b48e,approved,2022-11-29,none,,,kyc-only,no,,,
Wanta-Inu,wanta-inu,,0x649c0aad2aa77dad6a87b012e22c8b965fddb777,approved,2021-01-01,none,,,kyc-only,no,,,
Oxy-Fi,oxy-fi,,,approved,2021-01-01,none,,,kyc-only,no,,,
Slash Protocol,slash-protocol,,0x755e83f560335e6bb8e45e44460ec4af598e24c9,approved,2021-01-01,none,,,kyc-only,no,,,
GMBot,gmbot,Ethereum,,approved,2023-10-28,none,,,kyc-only,no,https://github.com/Assure-DeFi/KYC-Certificates/blob/main/GMBot%20KYC%20Certificate.png,,
Chips Protocol,chips-protocol,Solana,,approved,2025-04-24,none,,,kyc-only,no,https://github.com/Assure-DeFi/KYC-Certificates/blob/main/Chips%20Protocol%20KYC%20Certificate.png,,
Zeus Node Finance,zeus-node-finance,,0x4156f18bf7c1ef04248632c66aa119de152d8f2e,approved,2021-01-01,none,,,kyc-only,no,,,
WyndBlast,wyndblast,,0xbf1230bb63bfd7f5d628ab7b543bcefa8a24b81b,approved,2021-01-01,none,,,kyc-only,no,,,
MusesNFT,musesnft,,0x15dd9a1ad0b3edccdeefbd23ab6b8de5cfa81272,approved,2021-01-01,none,,,kyc-only,no,,,
Boom,boom,Ethereum,0xcae20327b9d7f3d4b292dd4c17c0a4dd8e6d2959,approved,2023-08-03,none,,,kyc-only,no,https://github.com/Assure-DeFi/KYC-Certificates/blob/main/Boom%20KYC%20Certificate.png,,
Telepad AI,telepad-ai,BSC,0xeb0947d18af3946cc4f6eabe2d6fb80c318005c4,approved,2025-04-03,none,,,kyc-only,yes,https://github.com/Assure-DeFi/KYC-Certificates/blob/main/Telepad%20AI%20KYC%20Certificate.png,,
Schrodinger,dinger,,0x9e5bd9d9fad182ff0a93ba8085b664bcab00fa68,approved,2021-01-01,none,,,kyc-only,no,,,
Syntor AI,syntor-ai,Ethereum,0x21e133e07b6cb3ff846b5a32fa9869a1e5040da1,none,2025-06-10,completed,,,audit-only,yes,,https://github.com/Assure-DeFi/Audits/blob/main/SyntorAI_ADV_06_12_25.pdf https://github.com/Assure-DeFi/Audits/blob/main/SyntorAI_ADV_06_10_25.pdf,https://github.com/Assure-DeFi/Audit-Certificates/blob/main/SyntorAI_ADV_06_12_25.png
DunaldPump,dunaldpump,Bitrock,0x6ca9faf50879752fcd4395294ba31f5e2733edaa,approved,2024-04-02,none,,,kyc-only,no,https://github.com/Assure-DeFi/KYC-Certificates/blob/main/DunaldPump%20KYC%20Certificate.png,,
Genbox.ai,genboxai,Ethereum,,rejected,2024-04-18,none,,,rejected,no,,,
The Potts Posse,the-potts-posse,,,approved,2022-07-08,none,,,kyc-only,no,,,
Benzswap,benzswap,Bitrock,,rejected,2023-10-19,none,,,rejected,no,,,
CRAZE,craze,Ethereum,0xa4eb7b9ff16823fb632dfb241282271bf8b55b6d,approved,2024-12-03,completed,,,full,no,https://github.com/Assure-DeFi/KYC-Certificates/blob/main/CRAZE%20KYC%20Certificate.png,https://github.com/Assure-DeFi/Audits/blob/main/CRAZE_TOKEN_12_03_24.pdf,
Human VS Zombie,human-vs-zombie,,,approved,2021-01-01,none,,,kyc-only,no,,,
Coopy,coopy,Ethereum,,approved,2024-05-02,none,,,kyc-only,no,https://github.com/Assure-DeFi/KYC-Certificates/blob/main/Coopy%20KYC%20Certificate.png,,
MIPEPE,mipepe,BSC,0xe74865bb59c9a8802756d46329dbe27f1734e01a,approved,2023-05-30,none,,,kyc-only,no,,,
Pumptopia,pumptopia,,0xc0b182b2e06164568a3310ca1086e9bf19209e6c,approved,2021-01-01,none,,,kyc-only,no,,,
Moonreum,moonreum,Ethereum,0x5144f3e4122128b1fadeafa758961946124e0fce,approved,2023-10-13,none,,,kyc-only,no,https://github.com/Assure-DeFi/KYC-Certificates/blob/main/Moonreum%20KYC%20Certificate.png,https://github.com/Assure-DeFi/Audits/blob/main/Moonreum_ERC%2020%20Token_10_11_2023.pdf,https://github.com/Assure-DeFi/Audit-Certificates/blob/main/Moonreum_ERC%2020%20Token_10_10_2023.png
UXOSAI,uxosai,Ethereum,0xd591b0bc0d937b9df9b6eb4e62e908706300dfc5,approved,2025-01-04,none,,,kyc-only,no,https://github.com/Assure-DeFi/KYC-Certificates/blob/main/UXOS%20AI%20KYC%20Certificate.png,,
BAMS,bams,Ethereum,0x743276c227f0f9004c018ee8454247fb4f2efe16,approved,2023-09-22,none,,,kyc-only,no,https://github.com/Assure-DeFi/KYC-Certificates/blob/main/BAMS%20KYC%20Certificate.png,,
SAIGE,saige,Ethereum,,approved,2025-11-27,none,,,kyc-only,no,https://github.com/Assure-DeFi/KYC-Certificates/blob/main/SAIGE%20KYC%20Certificate.png,,
Pineapple dex,pineapple-dex,Ethereum,0x129e5915326ed86f831b0e035acda34b209633d5,approved,2025-02-15,none,,,kyc-only,no,https://github.com/Assure-DeFi/KYC-Certificates/blob/main/PineappleDex%20KYC%20Certificate.png,,
GnomeLand,gnomeland,Ethereum,not deployed,none,,completed,2024-02-09,85,audit-only,no,,https://github.com/Assure-DeFi/Audits/blob/main/GnomeLand_NFT_02_09_24.pdf,
BINK,bink,,0xe469fe3638b2bcc24c24437cf6ebab0d646578a2,approved,2025-04-11,none,,,kyc-only,no,https://github.com/Assure-DeFi/KYC-Certificates/blob/main/BINK%20KYC%20Certificate.png,https://github.com/Assure-DeFi/Audits/blob/main/BINK_TOKEN_04_12_25.pdf https://github.com/Assure-DeFi/Audits/blob/main/BINK_TOKEN_04_09_25.pdf,https://github.com/Assure-DeFi/Audit-Certificates/blob/main/BINK_TOKEN_04_09_25.png
Golden Society,golden-society,,0x955e02d81ca94d8af5a74ac44e19cbe921b9a51b,approved,2021-01-01,none,,,kyc-only,no,,,
SEC GAMES,sec-games,,,approved,2021-01-01,none,,,kyc-only,no,,,
Reprehendo,reprehendo,Ethereum,0x61af0b30e99e8a4a972aa6c22d809ba04d459296,approved,2023-07-11,none,,,kyc-only,no,https://github.com/Assure-DeFi/KYC-Certificates/blob/main/Reprehendo%20KYC%20Certificate.png,,
Meme Alliance,meme-alliance,Ethereum,0x9b3a8159e119eb09822115ae08ee1526849e1116,approved,2023-11-11,completed,2023-11-20,88,full,yes,https://github.com/Assure-DeFi/KYC-Certificates/blob/main/Meme%20Alliance%20KYC%20Certificate.png,https://github.com/Assure-DeFi/Audits/blob/main/Meme%20Alliance_%20ERC%2020%20token_11_20_2023.pdf https://github.com/Assure-DeFi/Audits/blob/main/MEME%20Alliance_SOL_09_09_24.pdf https://github.com/Assure-DeFi/Audits/blob/main/Meme%20Alliance_%20ERC%2020%20token_11_10_2023.pdf,https://github.com/Assure-DeFi/Audit-Certificates/blob/main/MEME%20Alliance_SOL_09_09_24.pdf https://github.com/Assure-DeFi/Audit-Certificates/blob/main/Meme%20Alliance_%20ERC%2020%20token_11_20_2023.png
Meme Casino,meme-casino,Ethereum,0x6ffdb458c324687cdc03bb1305092c211e781147,approved,2023-10-20,none,,,kyc-only,no,https://github.com/Assure-DeFi/KYC-Certificates/blob/main/Meme%20Casino%20KYC%20Certificate.png,,
MerchMinter,merchminter,Ethereum,0x94a21565c923d2f75b3fcef158960a8b7e6ed07d,approved,2025-02-08,none,,,kyc-only,yes,https://github.com/Assure-DeFi/KYC-Certificates/blob/main/MerchMinter%20KYC%20Certificate.png,,
Kingdoms,kingdoms,,0x1f35b7a92564a50fe9c3a9ae8b3864464a950318,approved,2021-01-01,none,,,kyc-only,no,,,
Bulla.fun,bulla-fun,Ethereum,0x896c767371e2d2255f1c33301d29e5577a7aca11,approved,2024-07-18,none,,,kyc-only,no,https://github.com/Assure-DeFi/KYC-Certificates/blob/main/Bulla.fun%20KYC%20Certificate.png,,
Smart Hub,smart-hub,Ethereum,tba,approved,2024-08-22,none,,,kyc-only,no,https://github.com/Assure-DeFi/KYC-Certificates/blob/main/Smart%20Hub%20KYC%20Certificate.png,,
Trump,trump,BSC,0x27c45e9c28b53d8239d7c03ef36842651e310aea,approved,2023-07-12,none,,,kyc-only,yes,https://github.com/Assure-DeFi/KYC-Certificates/blob/main/Trump%20KYC%20Certificate.png,,
Crypto Delivery,crypto-delivery,BSC,0x571183a3be52ba7f1b57dbe9a3e057c09f9da8bc,approved,2024-02-23,none,,,kyc-only,no,https://github.com/Assure-DeFi/KYC-Certificates/blob/main/Crypto%20Delivery%20KYC%20Certificate.png,,
Swing,swing,Ethereum,,approved,2024-02-22,none,,,kyc-only,no,https://github.com/Assure-DeFi/KYC-Certificates/blob/main/Swing%20KYC%20Certificate.png,,
AficionaDAO,aficionadao,Ethereum,,approved,2023-07-08,none,,,kyc-only,no,,,
Nova AI,nova-ai,Ethereum,0x79fe521199697c9cf94d16d5d49277c933ccc38b,approved,2025-07-31,completed,,,full,no,https://github.com/Assure-DeFi/KYC-Certificates/blob/main/Nova%20AI%20KYC%20Certificate%201.png,,
Astral Farm,astral-farm,,0xd95322c0d069b51a41ed2d94a39617c2acbce636,approved,2021-01-01,none,,,kyc-only,no,,,
AVALPS,avalps,,0xf481eec738c46f675e077ee966a680a19210af11,approved,2021-01-01,none,,,kyc-only,no,,,
Muskman INU,muskman-inu,Solana,g5btq2j28sqmkebzsk7qxngsh8jkwynbehhssohs2u2n,approved,2023-05-11,none,,,kyc-only,no,https://github.com/Assure-DeFi/KYC-Certificates/blob/main/Muskman%20INU%20KYC%20Certificate.png,,
HE-MAN,he-man,Bitrock,0x01c8b36c965adb150cd4244edb463d4ba96549d4,approved,2024-01-05,none,,,kyc-only,no,https://github.com/Assure-DeFi/KYC-Certificates/blob/main/HE-MAN%20KYC%20Certificate.png,,
HOICHI,hoichi,Ethereum,0xc4ee0aa2d993ca7c9263ecfa26c6f7e13009d2b6 | 0x5592965b6f83b2ea8957dedcddbb2c24495e0f81,approved,2024-03-24,none,,,kyc-only,no,https://github.com/Assure-DeFi/KYC-Certificates/blob/main/HOICHI%20KYC%20Certificate.png,,
Meal Buddy,meal-buddy,Ethereum,,approved,2023-09-01,none,,,kyc-only,no,https://github.com/Assure-DeFi/KYC-Certificates/blob/main/Meal%20Buddy%20KYC%20Certificate.png,,
GROX,grox,Ethereum,0xa776a95223c500e81cb0937b291140ff5notavailable,approved,2025-09-12,none,,,kyc-only,no,https://github.com/Assure-DeFi/KYC-Certificates/blob/main/GROX%20KYC%20Certificate.png,,
nocap.win,nocap-win,Solana,,approved,2024-12-19,none,,,kyc-only,no,https://github.com/Assure-DeFi/KYC-Certificates/blob/main/nocap.win%20KYC%20Certificate.png,,
Tempest Capital,tempest-capital,Base,0xbf0c7ccb143126c1be90a426f676f5cb313956d9,rejected,2023-08-16,none,,,rejected,no,,,
LAN Network,lan-network,BSC,0xf5469e4ecc5afb3ac13da5737f88dc4563ce8454,approved,2023-09-05,completed,2023-09-03,94,full,no,https://github.com/Assure-DeFi/KYC-Certificates/blob/main/LAN%20Network%20KYC%20Certificate.png,https://github.com/Assure-DeFi/Audits/blob/main/LANNetwork_ERC%2020%20Token_09_03_2023.pdf,https://github.com/Assure-DeFi/Audit-Certificates/blob/main/LAN%20Network_ERC%2020%20Token_09_03_2023.png
Xeon Protocol,xeon-protocol,Ethereum,,approved,2024-04-15,none,,,kyc-only,no,https://github.com/Assure-DeFi/KYC-Certificates/blob/main/Xeon%20Protocol%20KYC%20Certificate.png,,
Kandyland DAO,kandyland-dao,,0x37ded665a387a6f170fb60376b3057f09df6c0ea,approved,2021-01-01,none,,,kyc-only,no,,,
Monie Bot,monie-bot,Ethereum,0xba0161322a09abe48f06ce5656c1b66bfb01be56,approved,2024-01-18,none,,,kyc-only,no,https://github.com/Assure-DeFi/KYC-Certificates/blob/main/Monie%20Bot%20KYC%20Certificate.png,,
HYPR,hypr,Ethereum,0x8ada9bf2d08b484cb9dee67caccd04b991d88145,approved,2025-08-18,none,,,kyc-only,no,https://github.com/Assure-DeFi/KYC-Certificates/blob/main/HYPR%20KYC%20Certificate.png,,
Belly,belly,Solana,,approved,2024-04-06,none,,,kyc-only,no,https://github.com/Assure-DeFi/KYC-Certificates/blob/main/Belly%20KYC%20Certificate.png,,
Insure,insure,,,approved,2022-09-20,none,,,kyc-only,no,,,
Project Europa,project-europa,,,approved,2021-01-01,none,,,kyc-only,no,,,
Agritech,agritech,,,approved,2023-03-17,none,,,kyc-only,no,https://github.com/Assure-DeFi/KYC-Certificates/blob/main/Agritech%20KYC%20Certificate.png,,
Owners Unity,owners-unity,,0x0c4789fc849f9209e6c5104093cf884f681ae687,approved,2023-04-08,none,,,kyc-only,no,https://github.com/Assure-DeFi/KYC-Certificates/blob/main/Owners%20Unity%20KYC%20Certificate.png,,
Blobby Boo Crew,blobby-boo-crew,,,approved,2021-01-01,none,,,kyc-only,no,,,
First Crypto BANK,first-crypto-bank,Ethereum,0x9360c489056b64d5003bf22f4f31458e31cc8028,approved,2023-12-17,completed,2024-01-22,85,full,no,https://github.com/Assure-DeFi/KYC-Certificates/blob/main/First%20Crypto%20Bank%20KYC%20Certificate.png,https://github.com/Assure-DeFi/Audits/blob/main/BankPad_Platform_01_22_24.pdf https://github.com/Assure-DeFi/Audits/blob/main/BankPad_Platform%20Audit_Updated%201_23_24.pdf,
Gam3Stop Games,gam3stop-games,,,approved,2022-12-08,none,,,kyc-only,no,,,
Genesis,genesis,Ethereum,0xef7e187431763c33208e378a341cc87212d06de2,approved,2025-10-29,none,,,kyc-only,yes,https://github.com/Assure-DeFi/KYC-Certificates/blob/main/Genesis%20KYC%20Certificate.png,,
Blockchain Bandicoots,blockchain-bandicoots,,0x94cb9428392d786ed361cc6664949a9bce028854,approved,2022-11-27,none,,,kyc-only,no,,,
Save The Earth,save-the-earth,,,approved,2023-02-24,none,,,kyc-only,no,https://github.com/Assure-DeFi/KYC-Certificates/blob/main/Save%20The%20Earth%20KYC%20Certificate.png,,
Tectum,tectum,,0x68a47fe1cf42eba4a030a10cd4d6a1031ca3ca0a,approved,2023-06-23,none,,,kyc-only,no,https://github.com/Assure-DeFi/KYC-Certificates/blob/main/Tectum%20KYC%20Certificate.png,,
Liltay Token,liltay-token,,,approved,2023-05-23,none,,,kyc-only,no,https://github.com/Assure-DeFi/KYC-Certificates/blob/main/Liltay%20Token%20KYC%20Certificate.png,,
Snowtomb,snowtomb,,0x9e6832d13b29d0b1c1c3465242681039b31c7a05,approved,2021-01-01,none,,,kyc-only,no,,,
Imagine,imagine,Ethereum,0x049d6b97fcf3ffabc83082858e6b6439b300c308,none,2025-07-30,completed,,,audit-only,no,,https://github.com/Assure-DeFi/Audits/blob/main/IMAGINE_ST_07_30_25.pdf,https://github.com/Assure-DeFi/Audit-Certificates/blob/main/IMAGINE_ST_07_30_25.png
Shikima Neko,shikima-neko,,,approved,2021-01-01,none,,,kyc-only,no,,,
FloorIsLava,floorislava,Base,0x135d7797452405358ea9d38d156603f73275b99b,none,2026-01-23,completed,,,audit-only,no,,https://github.com/Assure-DeFi/Audits/blob/main/FLOORISLAVA_V2_ADV_1_30_26.pdf https://github.com/Assure-DeFi/Audits/blob/main/FLOORISLAVA_V2_ADV_1_29_26.pdf https://github.com/Assure-DeFi/Audits/blob/main/FLOORISLAVA_ADV_1_23_26.pdf https://github.com/Assure-DeFi/Audits/blob/main/FLOORISLAVA_ADV_1_19_26.pdf https://github.com/Assure-DeFi/Audits/blob/main/FLOORISLAVA_ADV_1_9_26.pdf,https://github.com/Assure-DeFi/Audit-Certificates/blob/main/FLOORISLAVA_ADV_1_23_26.png
Navy Seal Game,navy-seal-game,,,approved,2021-01-01,none,,,kyc-only,no,,,
Addon,addon-ai,Ethereum,0xa579472f17b6e1b6c5ded2a785067a89ec536ce8,none,2025-01-20,completed,,,audit-only,yes,,https://github.com/Assure-DeFi/Audits/blob/main/Addon_ADV_01_20_24.pdf,https://github.com/Assure-DeFi/Audit-Certificates/blob/main/Addon%20Ai%20Audit%20Certificate.png
COIF.CAPITAL,coif-capital,BSC,0xb2a575d2c78c3ca53ab43e0cab5340f1dcf5b7f1,approved,2023-10-05,none,,,kyc-only,no,https://github.com/Assure-DeFi/KYC-Certificates/blob/main/Coif.Capital%20KYC%20Certificate.png,,
Power Play,power-play,Ethereum,0x9bbe8f42b9c2333fe2a80323028ab107379646c7,approved,2025-01-18,none,,,kyc-only,yes,https://github.com/Assure-DeFi/KYC-Certificates/blob/main/Power%20Play%20KYC%20Certificate.png,,
Oracle Wallet,oracle-wallet,Solana,gzavqz6axlclfgwa8ikmshnuqhb5pdxc4cd6txjruope,approved,2024-07-27,none,,,kyc-only,no,https://github.com/Assure-DeFi/KYC-Certificates/blob/main/Oracle%20Wallet%20KYC%20Certificate.png,,
CYBER PUNK METIS,cyber-punk-metis,,,approved,2021-01-01,none,,,kyc-only,no,,,
Basenji,basenji,Base,0xbc45647ea894030a4e9801ec03479739fa2485f0,rejected,2024-04-24,none,,,rejected,yes,,,
Izanagi,izanagi,,0xfeb2d480019bc605a2ce20903a90db3f554f1e1c,approved,2021-01-01,none,,,kyc-only,no,,,
Legal X,legal-x,Ethereum,0x78aa9e68f4a8efe1defe008efd47ed65b6315d91,approved,2025-02-24,completed,,,full,no,https://github.com/Assure-DeFi/KYC-Certificates/blob/main/Legal%20X%20KYC%20Certificate.png,https://github.com/Assure-DeFi/Audits/blob/main/LegalX_ADV_03_03_25.pdf https://github.com/Assure-DeFi/Audits/blob/main/LegalX_ADV_03_02_25.pdf,
AutonNET,autonnet,Ethereum,,approved,2024-05-23,none,,,kyc-only,no,https://github.com/Assure-DeFi/KYC-Certificates/blob/main/AutonNET%20KYC%20Certificate.png,,
RaidTech,raidtech,Ethereum,0x6106292cfc8994a4483702f6fb05aca80e7fbae4,approved,2024-06-05,none,,,kyc-only,yes,https://github.com/Assure-DeFi/KYC-Certificates/blob/main/RaidTech%20KYC%20Certificate.png,,
Avorak AI,avorak-ai,BSC,0xb60cb6c66bab2af697bd2c4704d2ebd68203ba4d,rejected,2023-03-30,none,,,rejected,no,,,
AccelDAO,acceldao,Ethereum,0xcebdb5b43044bdc5db379ab66e5ab611331f47f6,rejected,2023-04-13,none,,,rejected,no,,,
ZYDIO AI,zydio-ai,Ethereum,0x8b683c400457ef31f3c27c90acb6ab69304d1b77,none,,completed,2024-05-14,100,audit-only,yes,,https://github.com/Assure-DeFi/Audits/blob/main/ZYDIO_TOKEN_05_14_24.pdf,
NODEQ AI,node-qai,Ethereum,0x5ead27fcc5bc50aa100da635f8d1e6198acee71c,approved,2025-07-20,none,,,kyc-only,yes,https://github.com/Assure-DeFi/KYC-Certificates/blob/main/NODEQ%20AI%20KYC%20Certificate.png,,
Sapphire Swap,sapphire-swap,Base,,approved,2025-04-26,none,,,kyc-only,no,https://github.com/Assure-DeFi/KYC-Certificates/blob/main/Sapphire%20Swap%20KYC%20Certificate.png,,
CYBRO,cybro,Blast,0xaeef302db6e2cfc380ecc2c495c1ebaddd7c54de,approved,2024-04-03,none,,,kyc-only,no,https://github.com/Assure-DeFi/KYC-Certificates/blob/main/CYBRO%20KYC%20Certificate.png,,
ARCHIVE,archive,Solana,gkh6x4qvwrbvb1wqmqfgslgamgkofh696r4kmejpump,approved,2025-12-15,none,,,kyc-only,no,https://github.com/Assure-DeFi/KYC-Certificates/blob/main/ARCHIVE%20-%20KYC%20Certificate.png,,
PIPE GDAO,pipe-gdao,Other,0xf73694d86e53155afb7f9e75fc3d9c6992351cb1 | 0xfb0cce8cc5cb5fe498bc54b1fd2c1e821c23ed1a,approved,2025-12-10,completed,,,full,no,https://github.com/Assure-DeFi/KYC-Certificates/blob/main/PIPE%20GDAO%20KYC%20Certificate.png,https://github.com/Assure-DeFi/Audits/blob/main/PIPE%20GDAO_ST_12_13_25.pdf,https://github.com/Assure-DeFi/Audit-Certificates/blob/main/PIPE%20GDAO_ST_12_13_25.png
Myōbu,myobu,,0xdfdd3459d4f87234751696840092ee20c970fb07,approved,2021-01-01,none,,,kyc-only,no,,,
NonCustodial,noncustodial,Ethereum,0xa64879b6e24208b96f1098709b9a98eb0a1c7032,approved,2023-07-20,none,,,kyc-only,no,https://github.com/Assure-DeFi/KYC-Certificates/blob/main/NonCustodial%20KYC%20Certificate.png,,
PredictingAI,predictingai,Ethereum,0xabd0e3535ecfbf6959b1798220335faf1b7ada3a,approved,2024-04-10,completed,2024-04-17,95,full,no,https://github.com/Assure-DeFi/KYC-Certificates/blob/main/PredictingAI%20KYC%20Certificate.png,https://github.com/Assure-DeFi/Audits/blob/main/PredictingAI_TOKEN_04_17_24.pdf https://github.com/Assure-DeFi/Audits/blob/main/PREDICTINGAI_ERC20%20TOKEN_4_16_24.pdf,
Syscoin Apes,syscoin-apes,,0x88186deaab0b8fc01c240ff64b762cde123d90ac,approved,2022-07-30,none,,,kyc-only,no,,,
ETHANE,ethane,Ethereum,0x6ad9a31f02f1e790ff85584ea3c3d0001e45cd64,approved,2023-07-27,none,,,kyc-only,yes,https://github.com/Assure-DeFi/KYC-Certificates/blob/main/Ethane%20KYC%20Certificate.png,,
Liquid Protocol,liquid-protocol,Ethereum,0x3e8203e0b1d56984abc66f183a8d0b1a09a7e607,approved,2023-11-10,none,,,kyc-only,yes,https://github.com/Assure-DeFi/KYC-Certificates/blob/main/Liquid%20Protocol%20KYC%20Certificate.png,,
Rouge Studio,rouge-studio,Ethereum,0xf2478a732e5232acd0acef5e410e230b49b35a12,approved,2025-01-02,none,,,kyc-only,no,https://github.com/Assure-DeFi/KYC-Certificates/blob/main/Rouge%20Studio%20KYC%20Certificate.png,,
CINDR,cindr,Base,,none,,completed,2024-07-02,95,audit-only,no,,https://github.com/Assure-DeFi/Audits/blob/main/CNDR_TOKEN_07_02_24.pdf https://github.com/Assure-DeFi/Audits/blob/main/ASSUREDEFI_CNDR_%24CNDR_TOKEN_Audit_06_14_2023.pdf,
Hash AI,hash-ai-kyc,Ethereum,0x6a4f0f0d86cf3872620f7a5c1c084430bde44799,approved,2023-10-28,none,,,kyc-only,no,,,
Meme Fighter,meme-fighter,,,approved,2024-01-18,none,,,kyc-only,no,https://github.com/Assure-DeFi/KYC-Certificates/blob/main/Meme%20Fighter%20KYC%20Certificate.png,,
Jioswap Finance,jioswap-finance,,,approved,2022-09-07,none,,,kyc-only,no,,,
EDrive Token,edrive-token,BSC,0x936dcfc3ff6a8da20a945d867bdfea09988ffa0c,approved,2023-11-08,none,,,kyc-only,no,https://github.com/Assure-DeFi/KYC-Certificates/blob/main/EDrive%20Token%20KYC%20Certificate.png,,
FLUUS,fluus,,,approved,2023-03-14,none,,,kyc-only,no,https://github.com/Assure-DeFi/KYC-Certificates/blob/main/FLUUS%20KYC%20Certificate.png,,
Shibaments,shibaments,Shibarium,,approved,2023-09-07,none,,,kyc-only,no,https://github.com/Assure-DeFi/KYC-Certificates/blob/main/Shibaments%20KYC%20Certificate.png,,
Decentralized Foundation,decentralized-foundation,,,approved,2021-01-01,none,,,kyc-only,no,,,
CZ Terminator,cz-terminator,BSC,0x0558666ba9c0aaeda820ab36f305a8d9eeb7f7c6,approved,2023-07-05,none,,,kyc-only,yes,https://github.com/Assure-DeFi/KYC-Certificates/blob/main/CZ%20Terminator%20KYC%20Certificate.png,,
dMarketplace Inc,dmarketplace-inc,Ethereum,0x164f12c8d7d16b905cc4f11e819a9fc5b183ef71,approved,2024-10-16,none,,,kyc-only,no,https://github.com/Assure-DeFi/KYC-Certificates/blob/main/dMarketplace%20Inc%20KYC%20Certificate.png,,
Yieldification,yieldification,,0x30dcba0405004cf124045793e1933c798af9e66a,approved,2022-08-05,none,,,kyc-only,no,,,
BlastOff,blastoff,Ethereum,,approved,2023-12-17,none,,,kyc-only,no,https://github.com/Assure-DeFi/KYC-Certificates/blob/main/BlastOff%20KYC%20Certificate.png,,
Scorpion Casino,scorpion-casino,,0x37803ecdcbbf1886cd97a8ead0dba4d7291f19a7,approved,2023-06-06,none,,,kyc-only,no,https://github.com/Assure-DeFi/KYC-Certificates/blob/main/Scorpion%20Casino%20KYC%20Certificate.png,,
Habibi,habibi,,0x7e668e2f78184e41efb2a2fab8df3425ddde972f,approved,2023-05-17,none,,,kyc-only,no,https://github.com/Assure-DeFi/KYC-Certificates/blob/main/Habibi%20KYC%20Certificate.png,,
Crystal Nodes,crystal-nodes,,,approved,2021-01-01,none,,,kyc-only,no,,,
Onchain Battles,onchain-battles,Ethereum,0xba8fa89ee8c713a6758f9c7bb3cc23cc033aab1c,none,2025-07-31,completed,,,audit-only,yes,,https://github.com/Assure-DeFi/Audits/blob/main/ONCHAIN%20BATTLES_ADV_07_31_25.pdf https://github.com/Assure-DeFi/Audits/blob/main/ONCHAIN%20BATTLES_ADV_07_29_25.pdf,https://github.com/Assure-DeFi/Audit-Certificates/blob/main/ONCHAIN%20BATTLES_ADV_07_31_25.png
NexAI,nexai,Ethereum,0x2c623d3cc9a2cc158951b8093cb94e80cf56deea,rejected,2023-04-20,none,,,rejected,no,,,
Baked Beans,baked-beans,Solana,fs2saybrw8ytynq2uzr8rhf1pucfrj7wnttmzf9uyjdb,approved,2024-04-20,completed,2024-04-19,85,full,no,,https://github.com/Assure-DeFi/Audits/blob/main/BakedBeans_TOKEN_04_20_24.pdf https://github.com/Assure-DeFi/Audits/blob/main/BakedBeans_TOKEN_04_19_24.pdf,
Project Mullet,project-mullet,Ethereum,not deployed,approved,2024-06-05,none,,,kyc-only,no,https://github.com/Assure-DeFi/KYC-Certificates/blob/main/Project%20Mullet%20KYC%20Certificate.png,,
ZeroShiftDAO,zeroshiftdao,,,approved,2021-01-01,none,,,kyc-only,no,,,
Jeje,jeje,Ethereum,0x1fdd61ef9a5c31b9a2abc7d39c139c779e8412af,none,2024-06-24,completed,2024-06-24,85,audit-only,yes,,https://github.com/Assure-DeFi/Audits/blob/85b5b59f84742a140d86355ec9281f75cde0ca4f/ASSUREDEFI_JEJE_JJ_TOKEN_Audit_06_24_2024.pdf https://github.com/Assure-DeFi/Audits/blob/main/ASSUREDEFI_JEJE_JJ_TOKEN_Audit_06_24_2024.pdf,https://github.com/Assure-DeFi/Audit-Certificates/blob/main/AssureDeFi_Audit_Certificate_Jeje_06_24_2024.png
PandaBu,pandabu,Solana,fc48eylcxb8hgsvmmlfzxzggpemzel8vpfgbhfwaxzow,approved,2024-12-26,none,,,kyc-only,no,https://github.com/Assure-DeFi/KYC-Certificates/blob/main/PandaBu%20KYC%20Certificate.png,,
PokerPro.ai,pokerpro-ai,Ethereum,,approved,2024-06-03,none,,,kyc-only,no,https://github.com/Assure-DeFi/KYC-Certificates/blob/main/PokerPro.ai%20KYC%20Certificate.png,,
Chads Vs Scammers,chads-vs-scammers,,0x47d0a960d002de68738c767c5ed97318aad77abc,approved,2021-01-01,none,,,kyc-only,no,,,
vanitis,vanitis,BSC,0xccf7a903d2f6126e17f0624a351d457ef49cb79d,approved,2024-08-04,none,,,kyc-only,no,https://github.com/Assure-DeFi/KYC-Certificates/blob/main/Vanitis%20KYC%20Certificate.png,,
DeltaEngine,deltaengine,Ethereum,,approved,2025-08-27,none,,,kyc-only,no,https://github.com/Assure-DeFi/KYC-Certificates/blob/main/DeltaEngine%20KYC%20Certificate.png,,
The Alchemists,the-alchemists,Ethereum,,rejected,2023-03-02,none,,,rejected,no,,,
DROPS,drops,Ethereum,0x76389ea0ce243b3404f692de4856a40c0bcb31a7 | 0xa562912e1328eea987e04c2650efb5703757850c,none,,completed,2024-04-01,90,audit-only,no,,https://github.com/Assure-DeFi/Audits/blob/main/DROPS_TOKEN_04_03_24.pdf https://github.com/Assure-DeFi/Audits/blob/main/DROPS_MARKETPLACE_04_03_24.pdf https://github.com/Assure-DeFi/Audits/blob/main/DROPS_TOKEN_04_01_24.pdf https://github.com/Assure-DeFi/Audits/blob/main/DROPS_MARKETPLACE_03_30_24.pdf https://github.com/Assure-DeFi/Audits/blob/main/DROPS_ADVANCED_03_29_24.pdf https://github.com/Assure-DeFi/Audits/blob/main/DROPS_V6_04_07_24.pdf,https://github.com/Assure-DeFi/Audit-Certificates/blob/main/DROPS_TOKEN_04_03_24.png
Power Nodes,power-nodes,,0x131c7afb4e5f5c94a27611f7210dfec2215e85ae,approved,2021-01-01,none,,,kyc-only,no,,,
FREE ROSS,free-ross,Ethereum,0x046c4a4ad5a6dde4222ed693c9d9825c0f184939,approved,2024-08-07,none,,,kyc-only,no,https://github.com/Assure-DeFi/KYC-Certificates/blob/main/FREE%20ROSS%20KYC%20Certificate.png,,
LiquiHub,liquihub,Ethereum,,approved,2025-08-16,none,,,kyc-only,no,https://github.com/Assure-DeFi/KYC-Certificates/blob/main/LiquiHub%20KYC%20Certificate.png,,
Spredict,spredict,Base,,approved,2025-02-24,none,,,kyc-only,no,https://github.com/Assure-DeFi/KYC-Certificates/blob/main/Spredict%20KYC%20Certificate.png,,
CBETWORLD,cbetworld,,0x5de2672d115f3f489cfeeadaeeabd10119036eba,approved,2023-05-05,none,,,kyc-only,no,https://github.com/Assure-DeFi/KYC-Certificates/blob/main/CBETWORLD%20KYC%20Certificate.png,,
EV Solutions,ev-solutions,BSC,0xcf778f8de9f03482bc332722377c418d3cfa8c04,rejected,2023-04-09,none,,,rejected,no,,,
Stacker AI,stacker-ai,Ethereum,0x4c0f743928ca8fa7fb24ad89669c8a7838f34917,approved,2023-11-29,none,,,kyc-only,yes,https://github.com/Assure-DeFi/KYC-Certificates/blob/main/Stacker%20AI%20KYC%20Certificate.png,,
FrenAI,frenai,Ethereum,0xf06be5a16cd95607b174f980c7bba92235028297,approved,2024-10-24,none,,,kyc-only,no,https://github.com/Assure-DeFi/KYC-Certificates/blob/main/FrenAI%20KYC%20Certificate.png,,
DollarSqueeze,dollarsqueeze,,0x5c2d262058c9b81e2b858396e26c2c70f36bd5c1 | 0x85b17b44e2f85b7a1d2ffc1332796872760bcb4e,approved,2023-05-18,none,,,kyc-only,no,https://github.com/Assure-DeFi/KYC-Certificates/blob/main/DollarSqueeze%20KYC%20Certificate.png,,
PinkSale,pinksale,,0x602ba546a7b06e0fc7f58fd27eb6996ecc824689,approved,2021-01-01,none,,,kyc-only,no,,,
AxisLink,axislink,Ethereum,,approved,2025-01-20,none,,,kyc-only,no,https://github.com/Assure-DeFi/KYC-Certificates/blob/main/AxisLink%20KYC%20Certificate.png,,
Shmoney Panda NFT,shmoney-panda-nft,,,approved,2021-01-01,none,,,kyc-only,no,,,
The Neighbours,the-neighbours,,0xe337a99fe0ac0f3e01a97167d21082a2bb96326e,approved,2021-01-01,none,,,kyc-only,no,,,
METCHAIN,metchain,,,approved,2023-02-21,none,,,kyc-only,no,https://github.com/Assure-DeFi/KYC-Certificates/blob/main/METCHAIN%20KYC%20Certificate.png,,
Zombie Network,zombie-network,,,approved,2021-01-01,none,,,kyc-only,no,,,
EMOJINU,emojinu-1,,,approved,2021-01-01,none,,,kyc-only,no,,,
Poseidon Finance,poseidon-finance,,,approved,2021-01-01,none,,,kyc-only,no,,,
TriviAgent,triviagent,Base,0x0e6214f42992683a9177ce65d022f163d7bbd1d2,approved,2025-09-14,none,,,kyc-only,no,https://github.com/Assure-DeFi/KYC-Certificates/blob/main/TriviAgent%20KYC%20Certificate.png,,
Kiss & Kitties,kiss-&-kitties,Ethereum,0xc2193d9f8e056ec9c43b59a29b53d9c6190147a4,approved,2023-12-29,none,,,kyc-only,no,https://github.com/Assure-DeFi/KYC-Certificates/blob/main/Kiss%20%26%20Kitties%20KYC%20Certificate.png,,
OTO Protocol,oto-protocol,,0x3e5a9f09923936427ad6e487b24e23a862fcf6b7,approved,2021-01-01,none,,,kyc-only,no,,,
Ordinal Satoshi,ordinal-satoshi,Ethereum,,approved,2023-06-17,none,,,kyc-only,no,,,
KAP Games,kap-games,Ethereum,0x9625ce7753ace1fa1865a47aae2c5c2ce4418569,approved,2024-03-11,none,,,kyc-only,no,https://github.com/Assure-DeFi/KYC-Certificates/blob/main/KAP%20Games%20KYC%20Certificate.png,,
Gleek,gleek,,0x31f4d3122c117288cc5ffa239464fb0456dcb867,approved,2023-06-24,none,,,kyc-only,no,,,
Skeletal Cats,skeletal-cats,,0x517a5d9b9a531576713dea44eb13c66b08305b21,approved,2022-05-30,none,,,kyc-only,no,,,
Milestone Millions,milestone-millions,Bitrock,,approved,2023-08-26,completed,2023-09-13,80,full,no,https://github.com/Assure-DeFi/KYC-Certificates/blob/main/Milestone%20Millions%20KYC%20Certificate.png,https://github.com/Assure-DeFi/Audits/blob/main/MileStoneMillions_ERC%2020%20Token_09_13_2023.pdf,https://github.com/Assure-DeFi/Audit-Certificates/blob/main/Milestone%20Millions_ERC%2020%20Token_09_13_2023.png
The Black DAO,the-black-dao,,0x48983d42ddc25e98b738c231c022e22ef0a851cc,approved,2022-08-03,none,,,kyc-only,no,,,
InfraX,infrax,Ethereum,0xe9eccde9d26fcbb5e93f536cfc4510a7f46274f8,approved,2024-05-28,none,,,kyc-only,yes,,,
IRIS,iris,Ethereum,0xf392dc113ec3168923512750b57a4fabfb4789ba,approved,2025-05-09,none,,,kyc-only,yes,https://github.com/Assure-DeFi/KYC-Certificates/blob/main/IRIS%20KYC%20Certificate.png,,
Brianiac Farm,brianiac-farm,,0x39317b8a1ae06c30bb615d88cdc5522781499f1c,approved,2021-01-01,none,,,kyc-only,no,,,
RagnarokDAO,ragnarokdao,,,approved,2021-01-01,none,,,kyc-only,no,,,
Meuse,meuse,,,approved,2021-01-01,none,,,kyc-only,no,,,
STONKERS,stonkers,Ethereum,0x706abff8bb86ba0b38e66a9043e06a424b9e6bb5,approved,2023-06-27,none,,,kyc-only,no,https://github.com/Assure-DeFi/KYC-Certificates/blob/main/Stonkers%20KYC%20Certificate.png,,
I WANT MY ROI,i-want-my-roi,BSC,0xe893370a3d341237470eed11cb5e3165aa62f37d,approved,2023-11-22,none,,,kyc-only,no,https://github.com/Assure-DeFi/KYC-Certificates/blob/main/I%20WANT%20MY%20ROI%20KYC%20Certificate.png,,
Fort Knox DAO,fort-knox-dao,,,approved,2021-01-01,none,,,kyc-only,no,,,
BonsaiSwap,bonsaiswap,Ethereum,0xa3b42a54df6d28092c5d2717ace4f9e48a841885,approved,2023-08-22,none,,,kyc-only,no,https://github.com/Assure-DeFi/KYC-Certificates/blob/main/BonsaiSwap%20KYC%20Certificate.png,,
Elite Vault Protocol,elite-vault-protocol,,,approved,2021-01-01,none,,,kyc-only,no,,,
Mona Token,mona-token,Ethereum,0xb94acdf8662cd955f137e0c9c9fba535c87b57b4,approved,2023-10-05,none,,,kyc-only,yes,https://github.com/Assure-DeFi/KYC-Certificates/blob/main/Mona%20Token%20KYC%20Certificate.png,,
Tax Officers VS Degens,tax-officers-vs-degens,,,approved,2021-01-01,none,,,kyc-only,no,,,
SpinLaunch,spinlaunch,,5p2teqth4edcczutjt3ck7ynzxxhnt8g4sjshtuqfrmf,none,,completed,,,audit-only,no,,https://github.com/Assure-DeFi/Audits/blob/main/SPINLAUNCH_TOKEN_SOL_08_02_24.pdf,https://github.com/Assure-DeFi/Audit-Certificates/blob/main/SPINLAUNCH_TOKEN_SOL_08_02_24.png
Richie Rich,richie-rich,,9xjibxqm8ykk345cmtrwsfovexvgzxk1xzd4bdtebtcv,approved,2025-04-15,none,,,kyc-only,no,https://github.com/Assure-DeFi/KYC-Certificates/blob/main/Richie%20Rich%20KYC%20Certificate.png,,
Wrapped Platform,Wrapped-platform,Bitrock,,approved,2023-08-28,none,,,kyc-only,no,https://github.com/Assure-DeFi/KYC-Certificates/blob/main/Wrapped%20Platform%20KYC%20Certificate.png,,
AIMINDS,aiminds,,0x0ed78cd03df0197f5a207f077637725cbf821dcf,approved,2023-06-07,none,,,kyc-only,no,,,
HODLVERSE,hodlverse,,0x68df07d46c719503e5a786620b8dda84a1e2e29b,approved,2021-01-01,none,,,kyc-only,no,,,
Tradecurve,tradecurve,,0x923607a06aa8f1c525a5bb2d921cf85e625be776,approved,2023-04-27,none,,,kyc-only,no,,,
BitDegree,bitdegree,Ethereum,0x1961b3331969ed52770751fc718ef530838b6dee,approved,2023-12-26,none,,,kyc-only,no,https://github.com/Assure-DeFi/KYC-Certificates/blob/main/BitDegree%20KYC%20Certificate%201.png,,
Alpha City,alpha-city,Ethereum,,approved,2023-12-06,none,,,kyc-only,no,https://github.com/Assure-DeFi/KYC-Certificates/blob/main/Alpha%20City%20KYC%20Certificate.png,https://github.com/Assure-DeFi/Audits/blob/main/Alpha%20City_ERC%2020%20Token_12_6_23.pdf https://github.com/Assure-DeFi/Audits/blob/main/Alpha%20City_%20ERC%2020%20token_11_23_2023.pdf https://github.com/Assure-DeFi/Audits/blob/main/Alpha%20City_%20ERC%2020%20token_11_21_2023.pdf https://github.com/Assure-DeFi/Audits/blob/main/Alpha%20City_ERC%20Token_25_11_23.pdf,
Node Aggregator Capital,node-aggregator-capital,,0x803e78269f7f013b7d13ba13243be10c66418a70,approved,2021-01-01,none,,,kyc-only,no,,,
Trust Launchpad,trust-launchpad,BSC,,approved,2024-04-07,none,,,kyc-only,no,https://github.com/Assure-DeFi/KYC-Certificates/blob/main/Trust%20Launchpad%20KYC%20Certificate.png,,
MetaReset,metareset,Ethereum,0xb70eaf5d316192881aac8786c90b7907b83f02e8,approved,2024-06-21,none,,,kyc-only,no,https://github.com/Assure-DeFi/KYC-Certificates/blob/main/MetaReset%20KYC%20Certificate.png,,
A girl and a doodle,a-girl-and-a-doodle,Ethereum,,approved,2024-12-15,none,,,kyc-only,no,https://github.com/Assure-DeFi/KYC-Certificates/blob/main/A%20girl%20and%20a%20doodle%20KYC%20Certificate.png,,
Army,army,,,approved,2021-01-01,none,,,kyc-only,no,,,
Infinaeon,infinaeon,Ethereum,tba,approved,2024-08-23,none,,,kyc-only,no,https://github.com/Assure-DeFi/KYC-Certificates/blob/main/Infinaeon%20KYC%20Certificate.png,,
Grey Token,grey-token,,,approved,2021-01-01,none,,,kyc-only,no,,,
Xodus.Finance,xodus-finance,,,approved,2021-01-01,none,,,kyc-only,no,,,
BLOX Finance,blox-finance,Arbitrum,0xd9cc19bb189524a33505eb348540d222045c9516,rejected,2023-03-09,none,,,rejected,no,,,
Decenter AI,decenter-ai,Ethereum,0x781db9a4d8ae055571e8796dd4423bc13cee5dd6,approved,2025-05-15,completed,,,full,yes,https://github.com/Assure-DeFi/KYC-Certificates/blob/main/DeCenter%20AI%20KYC%20Certificate.png,https://github.com/Assure-DeFi/Audits/blob/main/DecenterAI_ST_05_14_25.pdf https://github.com/Assure-DeFi/Audits/blob/main/DecenterAI_ST2_05_14_25.pdf,https://github.com/Assure-DeFi/Audit-Certificates/blob/main/DecenterAI_ST_05_14_25.png
AQUA PROTOCOL,aqua-protocol,,,approved,2022-05-25,none,,,kyc-only,no,,,
Privix,privix,Ethereum,0xafb942e2a12ac0861ad81b5c37682f588912c1d9,approved,2025-01-27,completed,,,full,no,https://github.com/Assure-DeFi/KYC-Certificates/blob/main/Privix%20KYC%20Certificate.png,https://github.com/Assure-DeFi/Audits/blob/main/PRIVIX_L1_07_19_25.pdf https://github.com/Assure-DeFi/Audits/blob/main/PRIVIX_L1_07_09_25.pdf,https://github.com/Assure-DeFi/Audit-Certificates/blob/main/PRIVIX_L1_07_19_25.png
Vice Token,vice-token,,tba,none,,completed,,,audit-only,no,,https://github.com/Assure-DeFi/Audits/blob/main/VICE_ADV_08_21_24.pdf,
Winbit Casino,winbit-casino,Solana,ff71mvjygmegcjrjvdlukthhuppfnvxyvpcwdq7vpsxd,approved,2024-05-16,none,,,kyc-only,no,https://github.com/Assure-DeFi/KYC-Certificates/blob/main/Winbit%20Casino%20KYC%20Certificate.png,,
Send It,send-it,Ethereum,0xc7f44702e3d38b8a3ceb11c2734045fde887e5b2,approved,2023-06-11,none,,,kyc-only,no,,,
MAIV,maiv,Ethereum,,approved,2024-05-01,none,,,kyc-only,no,https://github.com/Assure-DeFi/KYC-Certificates/blob/main/MAIV%20KYC%20Certificate.png,,
FantomPrinter,fantomprinter,,0x2e1c341adf704e232fe9d4d5983289d715d29eb7,approved,2021-01-01,none,,,kyc-only,no,,,
Fleximine,fleximine,Ethereum,0x0cc0e8286fc023bc39380232290b5e6b8cb4510c,approved,2024-01-15,completed,2024-03-17,86,full,no,https://github.com/Assure-DeFi/KYC-Certificates/blob/main/Fleximine%20KYC%20Certificate.png,https://github.com/Assure-DeFi/Audits/blob/main/FLEXIMINE_TOKEN_03_17_24.pdf,
FusionX Finance,fusionx-finance,,0x272465431a6b86e3b9e5b9bd33f5d103a3f59edb | 0x45e6f621c5ed8616ccfb9bbaebacf9638abb0033 | 0x8a74c5e686d33c5fe5f98c361f6e24e35e899ef6,approved,2023-04-13,none,,,kyc-only,no,https://github.com/Assure-DeFi/KYC-Certificates/blob/main/FusionX%20Finance%20KYC%20Certificate.png,,
Metaverse Game,metaverse-game,,,approved,2022-08-09,none,,,kyc-only,no,,,
World Cup Inu,world-cup-inu,,0xc5a9bc46a7dbe1c6de493e84a18f02e70e2c5a32,approved,2022-10-21,none,,,kyc-only,no,,,
Harmony Nodes,harmony-nodes,,,approved,2021-01-01,none,,,kyc-only,no,,,
Smolting Inu,smolting-inu,,0x553539d40ae81fd0d9c4b991b0b77be6f6bc030e,approved,2022-04-20,none,,,kyc-only,no,,,
CryptiQ WEB3 Ecosystem,cryptiq-web3-ecosystem,Ethereum,0xda5fab7affc6dffd24d60e23153d241a3d9f9603,approved,2023-11-18,none,,,kyc-only,no,https://github.com/Assure-DeFi/KYC-Certificates/blob/main/CryptiQ%20WEB3%20Ecosystem%20KYC%20Certificate.png,,
Pounder Protocol,pounder-protocol,,0xbc6246f22f5d6a883e5accb69016655e1744393c,approved,2022-05-04,none,,,kyc-only,no,,,
Smart Money,smart-money,Ethereum,0xddcc69879e1d2376ce799051afa98c689f234cca,approved,2024-03-09,none,,,kyc-only,no,https://github.com/Assure-DeFi/KYC-Certificates/blob/main/Smart%20Money%20%20KYC%20Certificate.png,,
DollarChain,dollarchain,,0x3d465db36c1e12d3643c73febf4a2b789e36b278,approved,2023-04-25,none,,,kyc-only,no,https://github.com/Assure-DeFi/KYC-Certificates/blob/main/DollarChain%20KYC%20Certificate.png,,
Rethink,rethink,,,approved,2021-01-01,none,,,kyc-only,no,,,
G Revolution by Good Empire,g-revolution-by-good-empire,,0xceea5a0851fda904b0c01bc17107daa7776aa76a | 0x8d2d51a8802ea18844ea287b82f43ab322a9593e | 0x23aabf50536bf6ac9fca3f5a27085a85de82eea3,approved,2023-05-23,none,,,kyc-only,no,https://github.com/Assure-DeFi/KYC-Certificates/blob/main/G%20Revolution%20by%20Good%20Empire%20KYC%20Certificate.png,,
Pledge Utility Coin,pledge-utility-coin,,0xc9dc172bb1f1afe84d303c2f84b7b70a134a5d38,approved,2022-06-16,none,,,kyc-only,no,,,
Neboola,neboola,Ethereum,0x0b176fbf6b86020b6e8aa9125c69da50781e51dc,approved,2023-12-07,none,,,kyc-only,yes,https://github.com/Assure-DeFi/KYC-Certificates/blob/main/Neboola%20KYC%20Certificate.png,,
RIP Reflection Coin,rip-reflection-coin,,,approved,2021-01-01,none,,,kyc-only,no,,,
0xETH DAO,0xeth-dao,Ethereum,,approved,2024-04-09,none,,,kyc-only,no,https://github.com/Assure-DeFi/KYC-Certificates/blob/main/0xETH%20DAO%20KYC%20Certificate.png,,
Flamer Life AI,flamer-life-ai,,,approved,2023-02-28,none,,,kyc-only,no,https://github.com/Assure-DeFi/KYC-Certificates/blob/main/Flamer%20Life%20AI%20KYC%20Certificate.png,,
Aztec Nodes,aztec-nodes,,,approved,2021-01-01,none,,,kyc-only,no,,,
Artify,artify,,,approved,2023-03-04,none,,,kyc-only,no,https://github.com/Assure-DeFi/KYC-Certificates/blob/main/Artify%20KYC%20Certificate.png,,
ImpDAO,impdao,,,approved,2021-01-01,none,,,kyc-only,no,,,
Joi AI,joi-ai,Ethereum,0xff51f8c96b2da5eb0daa1b008951f4b37295d3e7,approved,2023-12-05,none,,,kyc-only,yes,https://github.com/Assure-DeFi/KYC-Certificates/blob/main/Joi%20AI%20KYC%20Certificate.png,https://github.com/Assure-DeFi/Audits/blob/main/JOI%20AI_ERC%2020%20token_12_6_23.pdf.pdf https://github.com/Assure-DeFi/Audits/blob/main/JOI%20AI_%20ERC%2020%20Token_12%3A5%3A23.pdf,https://github.com/Assure-DeFi/Audit-Certificates/blob/main/JOI%20AI_ERC%2020%20Token_12_6_23.png
Super COCK,super-cock,BSC,0x83ab84df2821b686126d4fc0738e2d97cada8b30,approved,2023-11-11,none,,,kyc-only,no,https://github.com/Assure-DeFi/KYC-Certificates/blob/main/Super%20COCK%20KYC%20Certificate.png,,
TIGA,tiga,Base,,approved,2024-10-08,none,,,kyc-only,no,https://github.com/Assure-DeFi/KYC-Certificates/blob/main/TIGA%20KYC%20Certificate.png,,
Genesis : The Origin of NFT Evolution,genesis-the-origin-of-nft-evolution,,0xa9b584ec492cf6f641c9d37ea23bf5229139b419,approved,2021-01-01,none,,,kyc-only,no,,,
Horde,horde,,0x0069ff45ea9f7c28e0a2dedb9bef8144af8131bc,approved,2021-01-01,none,,,kyc-only,no,,,
MANACOIN,manacoin,Ethereum,0xa1db57defd15be659cfbc612a13195adf5b237c6,none,,completed,2023-09-20,81,audit-only,yes,,https://github.com/Assure-DeFi/Audits/blob/main/ManaCoin_ERC%2020%20Token_09-21-2023.pdf https://github.com/Assure-DeFi/Audits/blob/main/ManaCoin_MNC_Assure%20DeFi%20Audit.pdf,https://github.com/Assure-DeFi/Audit-Certificates/blob/main/Manacoin_ERC%2020%20Token_09_20_2023.png
Monad Pad,monad-pad,Monad,,approved,2024-03-14,none,,,kyc-only,no,https://github.com/Assure-DeFi/KYC-Certificates/blob/main/Monad%20Pad%20KYC%20Certificate.png,,
Triforce Protocol,triforce-protocol,,,approved,2021-01-01,none,,,kyc-only,no,,,
Peezy,peezy,Ethereum,0x698b1d54e936b9f772b8f58447194bbc82ec1933,approved,2025-02-05,none,,,kyc-only,yes,https://github.com/Assure-DeFi/KYC-Certificates/blob/main/Peezy%20KYC%20Certificate.png,,
Finverse,finverse,BSC,0x11831ef7d63652df3f5421380b8823bdaa40e223,approved,2023-06-13,none,,,kyc-only,no,,,
Pizza Game,pizza-game,,0x6121191018baf067c6dc6b18d42329447a164f05,approved,2021-01-01,none,,,kyc-only,no,,,
RollerApp,rollerapp,,,approved,2023-03-28,none,,,kyc-only,no,https://github.com/Assure-DeFi/KYC-Certificates/blob/main/RollerApp%20KYC%20Certificate.png,,
Monsterplay,monsterplay,,0xa9e87c8e0a0b5f406dafa5085fe0cf8e1ab948d5,approved,2021-01-01,none,,,kyc-only,no,,,
ArchieNeko,archieneko,,,approved,2023-01-22,none,,,kyc-only,no,https://github.com/Assure-DeFi/KYC-Certificates/blob/main/ArchieNeko%20KYC%20Certificate.png,,
Quick Sync,quick-sync,Ethereum,0xebfa41da8978bb4554ef119c403e6cdb2e63aed3,approved,2025-01-28,none,,,kyc-only,no,https://github.com/Assure-DeFi/KYC-Certificates/blob/main/Quick%20Sync%20KYC%20Certificate.png,,
OpMentis AI,OpMentis-AI,Ethereum,0xeda8db2f0f8f00f0aedd6fdd756402ed86cd002f,approved,2024-11-08,none,,,kyc-only,no,https://github.com/Assure-DeFi/KYC-Certificates/blob/main/OpMentis%20AI%20KYC%20Certificate.png,,
ShibaNFT.ai,shibanft-ai,,,approved,2023-03-05,none,,,kyc-only,no,https://github.com/Assure-DeFi/KYC-Certificates/blob/main/ShibaNFT.ai%20KYC%20Certificate.png,,
UNISUS,unisus,Ethereum,,rejected,2023-06-05,none,,,rejected,no,,,
Cancel Gensler,cancel-gensler,BSC,0xd53956cb8ac74c27b9f33556a682d111050d7d5c,approved,2023-05-30,none,,,kyc-only,no,,,
Family,family,,,approved,2025-03-17,none,,,kyc-only,no,https://github.com/Assure-DeFi/KYC-Certificates/blob/main/Family%20KYC%20Certificate.png,,
skAInet404,skainet404,Bitrock,,approved,2024-04-26,none,,,kyc-only,no,https://github.com/Assure-DeFi/KYC-Certificates/blob/main/skAInet404%20KYC%20Certificate.png,,
ApeBabyPanther,apebabypanther,,,approved,2021-01-01,none,,,kyc-only,no,,,
Hedge Reward Ecosystem,hedge-reward-ecosystem,BSC,,approved,2024-02-16,none,,,kyc-only,no,https://github.com/Assure-DeFi/KYC-Certificates/blob/main/Hedge%20Reward%20Ecosystem%20KYC%20Certificate.png,,
Metropolis,metropolis,,,rejected,2024-06-08,none,,,rejected,no,,,
Clober,clober,Monad,,approved,2025-11-08,none,,,kyc-only,no,https://github.com/Assure-DeFi/KYC-Certificates/blob/main/Clober%20KYC%20Certificate.png,,
Guardian Network,guardian-network,Ethereum,0x0188b1c1207fc71c259614e0c6d0fd15a01add72,none,,completed,2024-05-30,85,audit-only,yes,,https://github.com/Assure-DeFi/Audits/blob/main/GUARDIAN_ADV_05_30_24.pdf https://github.com/Assure-DeFi/Audits/blob/main/GG_GUARDIAN_ADV_05_01_26.pdf https://github.com/Assure-DeFi/Audits/blob/main/GG_GUARDIAN%20-%20ADV_04_15_26.pdf https://github.com/Assure-DeFi/Audits/blob/main/GUARDIAN_ADV_05_26_24.pdf,https://github.com/Assure-DeFi/Audit-Certificates/blob/main/GUARDIAN_ADV_05_30_24.png
Begoiko DAO,begoiko-dao,,,approved,2021-01-01,none,,,kyc-only,no,,,
zkSwap,zkswap,,0x1be1342c965fc978d6b0b431d695d5ab1b6c25cc,approved,2023-05-06,none,,,kyc-only,no,https://github.com/Assure-DeFi/KYC-Certificates/blob/main/zkSwap%20KYC%20Certificate.png,,
SecureChain AI,securechain-ai,Ethereum,0x051a66a7750098fb1ec6548d36e275bb23749a78,rejected,2023-08-24,none,,,rejected,no,,,
Based Peaches,based-peaches,,0x8319767a7b602f88e376368dca1b92d38869b9b4,approved,2024-04-02,none,,,kyc-only,no,https://github.com/Assure-DeFi/KYC-Certificates/blob/main/Based%20Peaches%20KYC%20Certificate.png,,
Octavia,octavia,BSC,0x5d52ec2c250effe5736369594386d2dc1ba8f5a8,approved,2023-08-02,none,,,kyc-only,no,https://github.com/Assure-DeFi/KYC-Certificates/blob/main/Octavia%20KYC%20Certificate.png,,
MYTH,myth,Ethereum,,approved,2024-01-30,none,,,kyc-only,no,https://github.com/Assure-DeFi/KYC-Certificates/blob/main/MYTH%20KYC%20Certificate.png,,
The Market Stalker,the-market-stalker,Ethereum,0x522ec96bced6dc26325120edf3931d34e417a620,approved,2025-07-25,none,,,kyc-only,yes,https://github.com/Assure-DeFi/KYC-Certificates/blob/main/The%20Market%20Stalker%20-%20KYC%20Certificate.png,,
GenTools,gentools,BSC,,rejected,2022-12-15,none,,,rejected,no,,,
Edge,edge,Ethereum,,approved,2024-09-15,none,,,kyc-only,no,https://github.com/Assure-DeFi/KYC-Certificates/blob/main/Edge%20KYC%20Certificate.png,,
Neverland Finance,neverland-finance,,0x8ef50fa375fc64b9815e51f28f4b83c05d57ac43,approved,2021-01-01,none,,,kyc-only,no,,,
KUNOICHIX,kunoichix,,0x0b5ecbb411d8fe829e5eac253ee1f2dc05d8d1ae,approved,2021-01-01,none,,,kyc-only,no,,,
ZoneART,zoneart,,,approved,2021-01-01,none,,,kyc-only,no,,,
Gateway2Fortune,gateway2fortune,Ethereum,,approved,2025-02-12,none,,,kyc-only,no,https://github.com/Assure-DeFi/KYC-Certificates/blob/main/Gateway2Fortune%20KYC%20Certificate.png,,
BitDog,bitdog,Bitrock,0xa9fae95179ba375b0e7e6bcb4932fb484138c6e4,approved,2025-02-07,none,,,kyc-only,no,https://github.com/Assure-DeFi/KYC-Certificates/blob/main/BitDog%20KYC%20Certificate.png,,
Shibillionaire,shibillionaire,Solana,6qw6ndfyvqhgyfjolnyk1j2vjzvsdlikhjauw9ajh6mp,approved,2025-04-19,completed,,,full,no,https://github.com/Assure-DeFi/KYC-Certificates/blob/main/Shibillionaire%20KYC%20Certificate.png,https://github.com/Assure-DeFi/Audits/blob/main/Shibillionaire_SOL_04_20_25.pdf https://github.com/Assure-DeFi/Audits/blob/main/Shibillionaire_SOL_04_16_25.pdf,https://github.com/Assure-DeFi/Audit-Certificates/blob/main/Shibillionaire_SOL_04_20_25.png
Guzzler,guzzler,,0x9f4909cc95fb870bf48c128c1fdbb5f482797632,approved,2021-01-01,none,,,kyc-only,no,,,
Platinum Finance,platinum-finance,,,approved,2021-01-01,none,,,kyc-only,no,,,
Vortex Exchange,vortex-exchange,Solana,cetmrsebcpysbwwq7vgdt2cmpesucx7t1vbepu4y8x2c,approved,2025-04-14,none,,,kyc-only,no,https://github.com/Assure-DeFi/KYC-Certificates/blob/main/Vortex%20Exchange%20KYC%20Certificate.png,,
TaoTao,taotao,BSC,,approved,2023-11-29,none,,,kyc-only,no,https://github.com/Assure-DeFi/KYC-Certificates/blob/main/TaoTao%20KYC%20Certificate.png,,
SOTERIA,soteria,BSC,,approved,2023-07-06,none,,,kyc-only,no,,,
Degen Street Bets,degen-street-bets,,0x890bead2ecdd2eedff3d035f981b6a040c31cab7,approved,2022-08-22,none,,,kyc-only,no,,,
Blockchain Bets,blockchain-bets,Ethereum,0x2d886570a0da04885bfd6eb48ed8b8ff01a0eb7e,approved,2023-01-03,none,,,kyc-only,no,https://github.com/Assure-DeFi/KYC-Certificates/blob/main/Blockchain%20Bets%20KYC%20Certificate.png,,
Sins Finance,sins-finance,,0x23ba4272a5c5b5641c751521d57e3413c6703131,approved,2021-01-01,none,,,kyc-only,no,,,
Phenix Finance,phenix-finance,,0xcf322b554b6cfb668221d5b1979b6e4e58ab4dbc,approved,2022-04-20,none,,,kyc-only,no,,,
MONEY GROW ON TREES,money-grow-on-trees,,,approved,2022-04-25,none,,,kyc-only,no,,,
The Clan,the-clan,BSC,0xd9ea86b189e97c6119238d10fa940e23fb6bd073,approved,2023-08-12,none,,,kyc-only,no,https://github.com/Assure-DeFi/KYC-Certificates/blob/main/The%20Clan%20KYC%20Certificate.png,,
MiniPanther DAO,minipanther-dao,,0x3264810174f577f82ddd4fd08818f368ac363505,approved,2021-01-01,none,,,kyc-only,no,,,
Bullish Node NFTs,bullish-node-nfts,,,approved,2021-01-01,none,,,kyc-only,no,,,
BitStubs,bitstubs,,0x54c890411e97755ca69321f28bed31cafbb3c5a0,approved,2023-04-03,none,,,kyc-only,no,https://github.com/Assure-DeFi/KYC-Certificates/blob/main/BitStubs%20KYC%20Certificate.png,,
Midas DAO,midas-dao,,,approved,2021-01-01,none,,,kyc-only,no,,,
Pink Hippo,pink-hippo,BSC,0x0775b2429a23e24d3f206fc01986d3b68a3e9096,approved,2023-10-05,none,,,kyc-only,yes,https://github.com/Assure-DeFi/KYC-Certificates/blob/main/Pink%20Hippo%20KYC%20Certificate.png,,
Meme Heroes,meme-heroes,BSC,,approved,2023-11-25,none,,,kyc-only,no,https://github.com/Assure-DeFi/KYC-Certificates/blob/main/Meme%20Heroes%20KYC%20Certificate.png,,
Goldbit Casino,goldbit-casino,,,approved,2023-02-02,none,,,kyc-only,no,https://github.com/Assure-DeFi/KYC-Certificates/blob/main/Goldbit%20Casino%20KYC%20Certificate.png,,
Telepath8,telepath8,Solana,ggv2lcqsvjc2ofzfesnwbvw5afomknnx9r31ws2apump,approved,2025-11-07,none,,,kyc-only,no,https://github.com/Assure-DeFi/KYC-Certificates/blob/main/Telepath8%20KYC%20Certificate.png,,
WixCare,wixcare,,,approved,2023-05-24,none,,,kyc-only,no,https://github.com/Assure-DeFi/KYC-Certificates/blob/main/WixCare%20KYC%20Certificate.png,,
Blink Galaxy,blink-galaxy,Base,0x701c8c09fe9f081f9be69ab9af8291c84c09389b,approved,2025-12-04,completed,,,full,no,,https://github.com/Assure-DeFi/Audits/blob/main/Blink%20Galaxy_ADV_12_6_25.pdf https://github.com/Assure-DeFi/Audits/blob/main/BlinkGalaxy_ADV_12_5_25%20.pdf,https://github.com/Assure-DeFi/Audit-Certificates/blob/main/Blink%20Galaxy_ADV_12_6_25.png
PepeAIBaby,pepeaibaby,,0x00110666e5b31db18630b0ff35423e9ab7c74073,approved,2023-05-24,none,,,kyc-only,no,https://github.com/Assure-DeFi/KYC-Certificates/blob/main/PepeAIBaby%20KYC%20Certificate.png,,
ChappyGPT,chappygpt,,,approved,2023-05-31,none,,,kyc-only,no,https://github.com/Assure-DeFi/KYC-Certificates/blob/main/ChappyGPT%20KYC%20Certificate.png,,
Tweet Money,tweet-money,Ethereum,0x004f747a91e05d0e2fbe8bf3cd39cdb2bcfab02c,approved,2024-12-31,none,,,kyc-only,no,https://github.com/Assure-DeFi/KYC-Certificates/blob/main/Tweet.Money%20KYC%20Certificate.png,,
Brockliens,brockliens,Bitrock,,approved,2024-04-22,none,,,kyc-only,no,https://github.com/Assure-DeFi/KYC-Certificates/blob/main/Brockliens%20KYC%20Certificate.png,,
Cryptify,cryptify,Ethereum,tba,approved,2024-08-02,none,,,kyc-only,no,https://github.com/Assure-DeFi/KYC-Certificates/blob/main/Cryptify%20KYC%20Certificate.png,,
UniCat Token,unicat-token,,0x87c0192b1b81b9550d495558aac9753972f6db0d,approved,2021-01-01,none,,,kyc-only,no,,,
Dominium DAO,dominium-dao,,0x0e2c818fea38e7df50410f772b7d59af20589a62,approved,2021-01-01,none,,,kyc-only,no,,,
Cool Monkeys,cool-monkeys,,,approved,2023-03-10,none,,,kyc-only,no,https://github.com/Assure-DeFi/KYC-Certificates/blob/main/Cool%20Monkeys%20KYC%20Certificate.png,,
Numpay,numpay,Tron,,approved,2025-08-15,none,,,kyc-only,no,https://github.com/Assure-DeFi/KYC-Certificates/blob/main/Numpay%20KYC%20Certificate.png,https://github.com/Assure-DeFi/Audits/blob/main/NUMPAY_ADV_08_01_25.pdf https://github.com/Assure-DeFi/Audits/blob/main/NUMPAY_ADV_07_26_25.pdf,
Dogscoin,dogscoin,Solana,,approved,2024-02-28,none,,,kyc-only,no,https://github.com/Assure-DeFi/KYC-Certificates/blob/main/Dogscoin%20KYC%20Certificate.png,,
Optrix Finance,optrix-finance,Ethereum,,approved,2024-10-23,none,,,kyc-only,no,https://github.com/Assure-DeFi/KYC-Certificates/blob/main/Optrix%20Finance%20KYC%20Certificate.png,,
Blokpax,blokpax,Ethereum,0x313408eb31939a9c33b40afe28dc378845d0992f,approved,2024-11-16,none,,,kyc-only,no,https://github.com/Assure-DeFi/KYC-Certificates/blob/main/Blokpax%20KYC%20Certificate.png,,
Rebase Finance,rebase-finance,,0x79e6ba65d9d1c0d3a171c16ae5092df8534a534c,approved,2021-01-01,none,,,kyc-only,no,,,
CloneX,clonex,Ethereum,0xd8a2f109bec88d9c9df6f4958c3301bd9d1929fd,approved,2025-01-06,none,,,kyc-only,yes,https://github.com/Assure-DeFi/KYC-Certificates/blob/main/CloneX%20KYC%20Certificate.png,,
Fort Block Games,fort-block-games,Avax,0x9728db5817d51ccec8605f97fbc598302dda4f66,approved,2024-01-17,completed,2024-01-30,89,full,no,https://github.com/Assure-DeFi/KYC-Certificates/blob/main/Fort%20Block%20Games%20KYC%20Certificate.png,https://github.com/Assure-DeFi/Audits/blob/main/FGB_TOKEN_01_30_24.pdf https://github.com/Assure-DeFi/Audits/blob/main/FGB_TOKENV2_01_30_24.pdf https://github.com/Assure-DeFi/Audits/blob/main/FGB_TOKEN_01_29_24.pdf,
JOK AI LABS,jok-ai-labs,Ethereum,0xa728aa2de568766e2fa4544ec7a77f79c0bf9f97,approved,2023-09-08,none,,,kyc-only,yes,https://github.com/Assure-DeFi/KYC-Certificates/blob/main/JOK%20AI%20LABS%20KYC%20Certificate.png,,
Lampapuy DAO,lampapuy-dao,Solana,,approved,2024-03-17,none,,,kyc-only,no,https://github.com/Assure-DeFi/KYC-Certificates/blob/main/Lampapuy%20DAO%20KYC%20Certificate.png,,
Metahorse Unity,metahorse-unity,,0x127b5cda5cea31edf2cc979b21698a51cc9e8869,approved,2024-01-29,none,,,kyc-only,no,https://github.com/Assure-DeFi/KYC-Certificates/blob/main/Metahorse%20Unity%20KYC%20Certificate.png,https://github.com/Assure-DeFi/Audits/blob/main/MetaHorseUnity_STAKING_02_25_24.pdf,
Contexia Finance,contexia-finance,,0x1ed959d43696a045f7cf59748f04ce272922917f,approved,2021-01-01,none,,,kyc-only,no,,,
MLMX,mlmx,Solana,b1ycj8bqv5fjonzjkzavniis4fvwtvegwvrld8abeqt9,approved,2025-08-30,completed,,,full,no,https://github.com/Assure-DeFi/KYC-Certificates/blob/main/MLMX%20KYC%20Certificate.png,https://github.com/Assure-DeFi/Audits/blob/main/MLMX_ST_07_24_25.pdf,https://github.com/Assure-DeFi/Audit-Certificates/blob/main/MLMX_ST_07_24_25.png
0xLotto,0xlotto,Ethereum,0xf47ab324910c4017af6f30411e31bc26cac90648,approved,2023-09-09,none,,,kyc-only,yes,https://github.com/Assure-DeFi/KYC-Certificates/blob/main/0xLotto%20KYC%20Certificate.png,,
Snoopy,snoopy,BSC,0x42451d82cf0ccd3d1d32b0d9f8f5021ab3c914e8,approved,2023-06-28,completed,2023-08-02,85,full,no,https://github.com/Assure-DeFi/KYC-Certificates/blob/main/SNOOPY%20KYC%20Certificate.png,https://github.com/Assure-DeFi/Audits/blob/main/Snoopy_ERC%2020%20Token_08_02_2023.pdf https://github.com/Assure-DeFi/Audits/blob/main/Snoopy_ERC%2020%20Token_07_28_2023.pdf,https://github.com/Assure-DeFi/Audit-Certificates/blob/main/SNOOPY_ERC%2020%20Token_08_02_2023.png
DRAFT,draft,Ethereum,,approved,2024-12-08,none,,,kyc-only,no,,,
SolPaw Meme,solpaw,Solana,bipvcxpnranbcoogpiuw8vum3ze6vv2hsutfunxxmt2r,approved,2024-04-13,completed,2024-04-13,90,full,no,https://github.com/Assure-DeFi/KYC-Certificates/blob/main/SolPaw%20KYC%20Certificate.png,https://github.com/Assure-DeFi/Audits/blob/main/SOLPAW_TOKEN_04_13_24.pdf https://github.com/Assure-DeFi/Audits/blob/main/SOLPAW_TOKEN_04_12_24.pdf,
Keys.fr,keys-fr,,,approved,2022-09-07,none,,,kyc-only,no,,,
Glory Finance,glory-finance,,,approved,2023-02-26,none,,,kyc-only,no,https://github.com/Assure-DeFi/KYC-Certificates/blob/main/Glory%20Finance%20KYC%20Certificate.png,,
Decentify,decentify,,,approved,2023-05-15,none,,,kyc-only,no,https://github.com/Assure-DeFi/KYC-Certificates/blob/main/Decentify%20KYC%20Certificate.png,,
EVA Intelligence,eva-intelligence,Ethereum,0x84f171f4c7b43966231847cc6e60416e6c3a7360,approved,2024-09-01,completed,,,full,yes,https://github.com/Assure-DeFi/KYC-Certificates/blob/main/EVA%20Intelligence%20KYC%20Certificate.png,,
Island Nodes,island-nodes,,,approved,2021-01-01,none,,,kyc-only,no,,,
TORA,tora,,,approved,2023-02-18,none,,,kyc-only,no,https://github.com/Assure-DeFi/KYC-Certificates/blob/main/TORA%20KYC%20Certificate.png,,
Trading Card Games Coin,trading-card-games-coin,BSC,0x9c31681d7dda1115cb15b0383e7aa10ec785c41f,approved,2023-08-07,none,,,kyc-only,no,https://github.com/Assure-DeFi/KYC-Certificates/blob/main/Trading%20Card%20Games%20KYC%20Certificate.png,,
Aalto Protocol,aalto-protocol,,0xce18fbbad490d4ff9a9475235cfc519513cfb19a,approved,2022-04-20,none,,,kyc-only,no,,,
BeanEco SmartChain,beaneco-smartchain,,,approved,2023-04-04,none,,,kyc-only,no,https://github.com/Assure-DeFi/KYC-Certificates/blob/main/BeanEco%20SmartChain%20KYC%20Certificate.png,,
ZeldaInu,zeldainu,Ethereum,,approved,2023-11-28,none,,,kyc-only,no,https://github.com/Assure-DeFi/KYC-Certificates/blob/main/ZeldaInu%20KYC%20Certificate.png,,
Toxic,toxic,Ethereum,0x8113a86f365909d421e7c4b9f9323464161c222e,approved,2023-11-28,none,,,kyc-only,yes,https://github.com/Assure-DeFi/KYC-Certificates/blob/main/Toxic%20KYC%20Certificate.png,,
Brick by Brick,brick-by-brick,Shibarium,0xa50a5370f4799aa8af72531bc400b87f6fc5b37a,approved,2023-09-20,none,,,kyc-only,no,https://github.com/Assure-DeFi/KYC-Certificates/blob/main/Brick%20by%20Brick%20KYC%20Certificate.png,,
Potion Nodes,potion-nodes,,,approved,2021-01-01,none,,,kyc-only,no,,,
Porn Lab,porn-lab,Arbitrum,,rejected,2023-02-24,none,,,rejected,no,,,
Star Wars AVAX,star-wars-avax,,,approved,2021-01-01,none,,,kyc-only,no,,,
OnBot,onbot,Ethereum,,approved,2023-11-14,none,,,kyc-only,no,https://github.com/Assure-DeFi/KYC-Certificates/blob/main/OnBot%20KYC%20Certificate.png,,
Synthetic AI,synthetic-ai,Ethereum,0x5ea49ff332b7ad99c486347c1c2bcc73d1e22b9b,approved,2024-05-09,none,,,kyc-only,no,https://github.com/Assure-DeFi/KYC-Certificates/blob/main/Synthetic%20AI%20KYC%20Certificate.png,,
Black Shark Nodes,black-shark-nodes,,,approved,2021-01-01,none,,,kyc-only,no,,,
Photon,photon,Ethereum,,approved,2024-04-10,none,,,kyc-only,no,https://github.com/Assure-DeFi/KYC-Certificates/blob/main/Photon%20KYC%20Certificate.png,,
Produce AI,produce-ai,Ethereum,0x0e6d98de664a28a32b584c72e606ff7dea898dc6,approved,2024-04-01,none,,,kyc-only,yes,https://github.com/Assure-DeFi/KYC-Certificates/blob/main/Produce%20AI%20KYC%20Certificate.png,,
NeoTechAi,neotechai,Ethereum,tba,approved,2024-08-25,none,,,kyc-only,no,https://github.com/Assure-DeFi/KYC-Certificates/blob/main/NeoTechAi%20KYC%20Certificate.png,,
6ENSE,6ense,Ethereum,0x85018d46c4f21460490d841ef43b07bbcc99f6dc,approved,2025-02-11,none,,,kyc-only,no,https://github.com/Assure-DeFi/KYC-Certificates/blob/main/6ENSE%20KYC%20Certificate.png,,
TG.Casino,tg-casino,Ethereum,0x25b4f5d4c314bcd5d7962734936c957b947cb7cf,approved,2023-11-10,none,,,kyc-only,yes,https://github.com/Assure-DeFi/KYC-Certificates/blob/main/TG.Casino%20KYC%20Certificate.png,,
Schrodinger,schrodinger,,0x2c33b28527a63cdf13c0b24ce4cf5bf9c9fb3bc6,approved,2021-01-01,none,,,kyc-only,no,,,
Pioneers of New World,pioneers-of-new-world,Ethereum,,approved,2024-09-17,none,,,kyc-only,no,https://github.com/Assure-DeFi/KYC-Certificates/blob/main/Pioneers%20of%20New%20World%20KYC%20Certificate.png,,
Bionic Protocol,bionic-protocol,Ethereum,0x94dc32f6f4268a4b99cdee7989c4e6818de317cf,none,,completed,2023-10-03,83,audit-only,yes,,https://github.com/Assure-DeFi/Audits/blob/main/BIONIC_ERC%2020%20Token_10_03_2023.pdf https://github.com/Assure-DeFi/Audits/blob/main/Bionic_ERC%2020%20Token_09_18_2023.pdf,https://github.com/Assure-DeFi/Audit-Certificates/blob/main/20231003_ASSUREDEFI_Bionic_BIONIC_Audit.pdf https://github.com/Assure-DeFi/Audit-Certificates/blob/main/Bionic%20Protocol_ERC%2020%20Token_10_03_2023.png
NovaQ,novaq,Ethereum,0xf2b733bdddb8e12f0b3e15781b319389d499dad6,none,2025-05-24,completed,,,audit-only,yes,,https://github.com/Assure-DeFi/Audits/blob/main/NovaQ_ADV_05_24_25.pdf,https://github.com/Assure-DeFi/Audit-Certificates/blob/main/NovaQ_ADV_05_24_25.png
BlobDAO,blobdao,Ethereum,,approved,2023-06-10,none,,,kyc-only,no,,,
StonedPEPE,stonedpepe,,0xcb6ebfd1cf30b2b390209d80ef8a6a89aa3d6d88,approved,2023-05-11,none,,,kyc-only,no,https://github.com/Assure-DeFi/KYC-Certificates/blob/main/StonedPEPE%20KYC%20Certificate.png,,
The GameHub,thegamehub,Ethereum,,approved,2024-03-30,none,,,kyc-only,no,https://github.com/Assure-DeFi/KYC-Certificates/blob/main/The%20GameHub%20KYC%20Certificate.png,https://github.com/Assure-DeFi/Audits/blob/main/2024_12_04_ASSUREDEFI_The%20GameHub_GHUB_TOKEN_Audit.pdf,
Dogeazon,dogeazon,,,approved,2022-04-23,none,,,kyc-only,no,,,
Tucker Coin,tucker-coin,BSC,0xdfef84e917f157fb5e1c6c3a81506a1123b9124a,approved,2023-08-05,none,,,kyc-only,no,https://github.com/Assure-DeFi/KYC-Certificates/blob/main/Tucker%20Coin%20KYC%20Certificate.png,,
Etherstones,etherstones,,0x1efe6a8af01920912f0b4f7f26fc16e294664c4c,approved,2021-01-01,none,,,kyc-only,no,,,
The Coal Farm,the-coal-farm,,,approved,2021-01-01,none,,,kyc-only,no,,,
Aeon-X,aeon-x,Ethereum,0xee868feabdc19e5590a9dfaecec7c4798459b48d,approved,2024-06-19,completed,2024-06-27,95,full,no,https://github.com/Assure-DeFi/KYC-Certificates/blob/main/Aeon-X%20KYC%20Certificate.png,https://github.com/Assure-DeFi/Audits/blob/4419bb0836d30b0697378226598da56195fe1197/Assure%20DeFi%20-%20AdvancedAudit%20-%20AeoN_X%20_%20PASS_v3_kyc_06_27_2024.pdf https://github.com/Assure-DeFi/Audits/blob/main/Assure%20DeFi%20-%20AdvancedAudit%20-%20AeoN_X%20_%20PASS_v3_kyc_06_27_2024.pdf,
Society of Memes,society-of-memes,Solana,,approved,2024-04-02,none,,,kyc-only,no,https://github.com/Assure-DeFi/KYC-Certificates/blob/main/Society%20of%20Memes%20KYC%20Certificate.png,,
OG Cats,og-cats,,,approved,2023-03-11,none,,,kyc-only,no,https://github.com/Assure-DeFi/KYC-Certificates/blob/main/OG%20Cats%20KYC%20Certificate.png,,
Lava Ai,lava-ai,Base,t2,approved,2025-08-28,none,,,kyc-only,no,https://github.com/Assure-DeFi/KYC-Certificates/blob/main/Lava%20Ai%20KYC%20Certificate.png,,
BeeCasino,beecasino,Ethereum,,approved,2024-01-20,none,,,kyc-only,no,https://github.com/Assure-DeFi/KYC-Certificates/blob/main/BeeCasino%20KYC%20Certificate.png,,
DIAMOND,diamond,,,approved,2021-01-01,none,,,kyc-only,no,,,
Ignite Finance,ignite-finance,,,approved,2021-01-01,none,,,kyc-only,no,,,
Banana Task Force Ape Genesis Collection,banana-task-force-ape-genesis-collection,,0x67536f6e4412663e2d3ee7ffc7b9f79440f8e42a,approved,2022-10-13,none,,,kyc-only,no,,,
The Triad Project,the-triad-project,,,approved,2022-12-08,none,,,kyc-only,no,,,
CoinCreate,coincreate,Ethereum,0x28ae7b2ebd6f10f4393f410f6b7896380a949d62,approved,2024-10-03,completed,,,full,no,https://github.com/Assure-DeFi/KYC-Certificates/blob/main/CoinCreate%20KYC%20Certificate.png,https://github.com/Assure-DeFi/Audits/blob/main/CoinCreate_BTOKEN_11_04_24.pdf https://github.com/Assure-DeFi/Audits/blob/main/CoinCreate_STAKENFT_11_04_24.pdf https://github.com/Assure-DeFi/Audits/blob/main/CoinCreate_STOKEN_11_04_24.pdf https://github.com/Assure-DeFi/Audits/blob/main/CoinCreate_VESTING_11_04_24.pdf https://github.com/Assure-DeFi/Audits/blob/main/CoinCreate_ADV_11_01_24.pdf,https://github.com/Assure-DeFi/Audit-Certificates/blob/main/CoinCreate_BTOKEN_11_04_24.png https://github.com/Assure-DeFi/Audit-Certificates/blob/main/CoinCreate_STAKENFT_11_04_24.png https://github.com/Assure-DeFi/Audit-Certificates/blob/main/CoinCreate_STOKEN_11_04_24.png https://github.com/Assure-DeFi/Audit-Certificates/blob/main/CoinCreate_VESTING_11_04_24.png
GOOD Marketplace,good-marketplace,Ethereum,,approved,2023-10-26,none,,,kyc-only,no,https://github.com/Assure-DeFi/KYC-Certificates/blob/main/GOOD%20Marketplace%20KYC%20Certificate.png,,
Crypto Champion Game,crypto-champion-game,,,approved,2022-05-31,none,,,kyc-only,no,,,
MENTAL,mental,Solana,avl9rhwzja8g8mteipkj3y4xbzdexmq1p5nnebt9gem,approved,2025-09-16,completed,,,full,no,https://github.com/Assure-DeFi/KYC-Certificates/blob/main/Mental%20KYC%20Certificate.png,https://github.com/Assure-DeFi/Audits/blob/main/MENTAL_SOL_09_16_25.pdf,https://github.com/Assure-DeFi/Audit-Certificates/blob/main/MENTAL_SOL_09_16_25.png
Tethereum,tethereum,Ethereum,0xe9a5c635c51002fa5f377f956a8ce58573d63d91,none,,completed,2023-09-03,90,audit-only,no,,https://github.com/Assure-DeFi/Audits/blob/main/Tethereum_ERC%2020%20Token_09_02_2023.pdf,https://github.com/Assure-DeFi/Audit-Certificates/blob/main/Tethereum_ERC%2020%20Token_09_03_2023.png
Hoglympics,hoglympics,,,approved,2021-01-01,none,,,kyc-only,no,,,
Zaddy Inu,zaddy-inu,,,approved,2021-01-01,none,,,kyc-only,no,,,
ME3,me3,Ethereum,,approved,2023-12-08,none,,,kyc-only,no,https://github.com/Assure-DeFi/KYC-Certificates/blob/main/ME3%20KYC%20Certificate.png,,
MARS,mars,,,approved,2024-09-05,none,,,kyc-only,no,https://github.com/Assure-DeFi/KYC-Certificates/blob/main/MARS%20KYC%20Certificate.png,,
SUNMINE,sunmine-eng,BSC,0xd56a23c30d915e28b62af91a5d7234ea7a72456f,approved,2023-07-25,none,,,kyc-only,no,https://github.com/Assure-DeFi/KYC-Certificates/blob/main/Sunmine%20KYC%20Certificate.png,,
Celeb Check,celeb-check,,0x8a2d0a517ecdbe2165f4ad5a2deadf880d66560c,approved,2023-05-15,none,,,kyc-only,no,https://github.com/Assure-DeFi/KYC-Certificates/blob/main/Celeb%20Check%20KYC%20Certificate.png,,
XRPea,xrpea,Solana,,approved,2024-04-30,none,,,kyc-only,no,https://github.com/Assure-DeFi/KYC-Certificates/blob/main/XRPea%20KYC%20Certificate.png,,
Leprechaun Run,leprechaun-run,Solana,,approved,2024-04-05,none,,,kyc-only,no,https://github.com/Assure-DeFi/KYC-Certificates/blob/main/Leprechaun%20Run%20KYC%20Certificate.png,,
Bag Token,bag-token,Ethereum,,approved,2023-08-30,none,,,kyc-only,no,https://github.com/Assure-DeFi/KYC-Certificates/blob/main/Bag%20Token%20KYC%20Certificate.png,,
Secret Koala Society,secret-koala-society,,,approved,2021-01-01,none,,,kyc-only,no,,,
VCASH,vcash,Ethereum,,none,2024-12-23,completed,,,audit-only,no,,https://github.com/Assure-DeFi/Audits/blob/main/VCASH_STAKING_11_28_24.pdf https://github.com/Assure-DeFi/Audits/blob/main/VCASH_STAKING_11_27_24.pdf https://github.com/Assure-DeFi/Audits/blob/main/VCASH_TOKEN_11_27_24.pdf,
LotSwap,lotswap,,0x10687b99f50877f2e7395d2cbfc10b61fe5682c2,approved,2022-04-21,none,,,kyc-only,no,,,
Kiba Inu,kiba-inu,,0x005d1123878fc55fbd56b54c73963b234a64af3c,approved,2021-01-01,none,,,kyc-only,no,,,
iBots,ibots,Ethereum,0x822cbc51013a369d44244fd45e2d7c5ee8bc4a02,approved,2023-06-27,none,,,kyc-only,no,,,
Pentagon Finance,pentagon-finance,,,approved,2021-01-01,none,,,kyc-only,no,,,
Tanuki Launchpad,tanuki-launchpad,Solana,7wexbxvbwfh3nzcth8ouyf6wgklpypnzzujahcmcqnhq,rejected,2024-07-03,none,,,rejected,no,,,
ok.lets.go,ok-lets-go,,0x5dbb9f64cd96e2dbbca58d14863d615b67b42f2e,approved,2021-01-01,none,,,kyc-only,no,,,
CryptoGPT,cryptogpt,Ethereum,0x50739bd5b6aff093ba2371365727c48a420a060d,approved,2023-12-10,none,,,kyc-only,yes,https://github.com/Assure-DeFi/KYC-Certificates/blob/main/CryptoGPT%20KYC%20Certificate.png,,
Illusionarium,illusionarium,BSC,0x23a8e99d854eb7436bbd2d9b7656e491eb1baa76,approved,2023-11-08,none,,,kyc-only,yes,https://github.com/Assure-DeFi/KYC-Certificates/blob/main/Illusionarium%20KYC%20Certificate.png,,
AWOO Finance,awoo-finance,,,approved,2021-01-01,none,,,kyc-only,no,,,
CIFI,cifi,Ethereum,0x7efbac35b65e73484764fd00f18e64929e782855,approved,2024-04-30,none,,,kyc-only,yes,https://github.com/Assure-DeFi/KYC-Certificates/blob/main/CIFI%20KYC%20Certificate.png,,
SpectreFi,spectrefi,,,approved,2021-01-01,none,,,kyc-only,no,,,
Far West Games,far-west-games,,,approved,2021-01-01,none,,,kyc-only,no,,,
PegasusDAO,pegasusdao,,,approved,2021-01-01,none,,,kyc-only,no,,,
ViFoxCoin,vifoxcoin,BSC,0xec69f1351b66902cd5e79f0924a5ad049f682540,approved,2025-11-24,completed,,,full,no,https://github.com/Assure-DeFi/KYC-Certificates/blob/main/ViFoxCoin%20KYC%20Certificate.png,https://github.com/Assure-DeFi/Audits/blob/main/ViFoxCoin_ST_11_25_25.pdf https://github.com/Assure-DeFi/Audits/blob/main/ViFoxCoin_ST_11_24_25.pdf https://github.com/Assure-DeFi/Audits/blob/main/ViFoxCoin_ST_11_20_25.pdf,https://github.com/Assure-DeFi/Audit-Certificates/blob/main/ViFoxCoin_ST_11_24_25.png
Miraverse,Miraverse,,,approved,2023-04-26,none,,,kyc-only,no,https://github.com/Assure-DeFi/KYC-Certificates/blob/main/Miraverse%20KYC%20Certificate.png,,
Helena Financial,helena-financial,,0xe350b08079f9523b24029b838184f177baf961ff,approved,2021-01-01,none,,,kyc-only,no,,,
CryptoCoin,cryptocoin,Ethereum,0xed7257b255ed506864cb220744ce3a381ff37a8e,approved,2025-01-22,completed,,,full,no,https://github.com/Assure-DeFi/KYC-Certificates/blob/main/CryptoCoin%20KYC%20Certificate.png,https://github.com/Assure-DeFi/Audits/blob/main/CryptoCoin_ADV_01_24_24.pdf,https://github.com/Assure-DeFi/Audit-Certificates/blob/main/CryptoCoin_ADV_01_24_24.png
HAVOC,havoc,Ethereum,0x9f94b198ce85c19a846c2b1a4d523f40a747a850,approved,2023-07-04,none,,,kyc-only,yes,,,
RatWifHat,ratwifhat,Solana,5f7vzw4vhpaxjug5799j2cdk4zitdou1hbvvmjayulpp,approved,2024-03-15,none,,,kyc-only,no,https://github.com/Assure-DeFi/KYC-Certificates/blob/main/RatWifHat%20KYC%20Certificate.png,,
SuperSloth,supersloth,Ethereum,,approved,2023-08-29,none,,,kyc-only,no,https://github.com/Assure-DeFi/KYC-Certificates/blob/main/SuperSloth%20KYC%20Certificate.png,,
STBL,stbl,Base,,approved,2024-04-10,none,,,kyc-only,no,https://github.com/Assure-DeFi/KYC-Certificates/blob/main/STBL%20KYC%20Certificate.png,,
Russian Roulette,russian-roulette,Solana,tba,approved,2024-07-04,none,,,kyc-only,no,https://github.com/Assure-DeFi/KYC-Certificates/blob/main/Russian%20Roulette%20KYC%20Certificate.png,,
Whispers of Decay,whispers-of-decay,Ethereum,0x0db56f603e754f3539157e2b207eff10a4ebd641,approved,2024-08-17,none,,,kyc-only,no,https://github.com/Assure-DeFi/KYC-Certificates/blob/main/%20Whispers%20of%20Decay%20KYC%20Certificate.png,,
Operation Phoenix,operation-phoenix,BSC,,approved,2024-01-30,none,,,kyc-only,no,https://github.com/Assure-DeFi/KYC-Certificates/blob/main/Operation%20Phoenix%20KYC%20Certificate.png,,
TaiNet,tainet,Ethereum,0x595fb90b23660556c62400e893747d9662c16a35,approved,2024-05-03,completed,,,full,no,https://github.com/Assure-DeFi/KYC-Certificates/blob/main/TaiNet%20KYC%20Certificate.png,https://github.com/Assure-DeFi/Audits/blob/main/TAINET_ADV_11_04_24.pdf https://github.com/Assure-DeFi/Audits/blob/main/Tainet_ADV_10_14_24.pdf https://github.com/Assure-DeFi/Audits/blob/main/TAINET_ADV_10_04_24.pdf,https://github.com/Assure-DeFi/Audit-Certificates/blob/main/TAINET_ADV_11_04_24.png
Obscura,obscura,Solana,9zef3tv9gjehjuifrvqma15kzeikv5yrpe2gqf17rhfg,approved,2025-01-10,none,,,kyc-only,no,https://github.com/Assure-DeFi/KYC-Certificates/blob/main/Obscura%20KYC%20Certificate.png,,
PolyVertex,polyvertex,,0x72572ccf5208b59f4bcc14e6653d8c31cd1fc5a0,approved,2021-01-01,none,,,kyc-only,no,,,
Tomiwagmi,tomiwagmi,BSC,0xc0e4675e3dc2a4f5bd9dbcab408ac4b7272afdd8,approved,2023-09-23,none,,,kyc-only,no,https://github.com/Assure-DeFi/KYC-Certificates/blob/main/Tomiwagmi%20KYC%20Certificate.png,,
Enigma,enigma,,,approved,2023-01-10,none,,,kyc-only,no,https://github.com/Assure-DeFi/KYC-Certificates/blob/main/Enigma%20KYC%20Certificate.png,,
King Bean,king-bean,,0xdc481e5e8d56d37bc6567b75a7f74bb34562044a,approved,2023-06-03,none,,,kyc-only,no,https://github.com/Assure-DeFi/KYC-Certificates/blob/main/King%20Bean%20KYC%20Certificate.png,,
Rhea DAO,rhea-dao,,,approved,2021-01-01,none,,,kyc-only,no,,,
CheB,cheb,Ethereum,0xfc2f1112290f8b8f0d78b826758ca492396012d7,approved,2024-05-28,none,,,kyc-only,no,https://github.com/Assure-DeFi/KYC-Certificates/blob/main/CheB%20KYC%20Certificate.png,,
Gryphon Dao,gryphon-dao,,,approved,2021-01-01,none,,,kyc-only,no,,,
MonadStarter,monadstarter,Monad,tba,approved,2024-07-22,none,,,kyc-only,no,https://github.com/Assure-DeFi/KYC-Certificates/blob/main/MonadStarter%20KYC%20Certificate1.png,,
APE on Bitrock,ape-on-bitrock,Bitrock,0xe8a4f717ac5b08bccc7240d649af653b2577b36a,approved,2024-05-30,none,,,kyc-only,no,https://github.com/Assure-DeFi/KYC-Certificates/blob/main/APE%20on%20Bitrock%20KYC%20Certificate.png,,
Crypter Token,crypter-token,,,approved,2023-02-11,none,,,kyc-only,no,https://github.com/Assure-DeFi/KYC-Certificates/blob/main/Crypter%20Token%20KYC%20Certificate.png,,
BadSammy,badsammy,Base,0x01fd13a4051e4048dafa38167c78943665213b2d,approved,2025-02-27,none,,,kyc-only,no,https://github.com/Assure-DeFi/KYC-Certificates/blob/main/BadSammy%20KYC%20Certificate.png,,
Fomo Labs,fomo-labs,Ethereum,,approved,2023-06-22,none,,,kyc-only,no,,,
Emerald,emerald-company,Ethereum,0xebb1afb0a4ddc9b1f84d9aa72ff956cd1c1eb4be,approved,2024-04-17,none,,,kyc-only,no,https://github.com/Assure-DeFi/KYC-Certificates/blob/main/Emerald%20KYC%20Certificate.png,,
Sorra,sorra,Ethereum,,approved,2024-11-07,none,,,kyc-only,no,https://github.com/Assure-DeFi/KYC-Certificates/blob/main/Sorra%20KYC%20Certificate.png,https://github.com/Assure-DeFi/Audits/blob/main/SORRA_STAKING_12_18_24.pdf https://github.com/Assure-DeFi/Audits/blob/main/SORRA_Staking_Final_12_18_2024.pdf,
Enoch,enoch,Ethereum,0xb8a615efe9648f6d40ebd472beb5221a322b6966,approved,2023-07-17,none,,,kyc-only,no,https://github.com/Assure-DeFi/KYC-Certificates/blob/main/Enoch%20KYC%20Certificate.png,,
Blox Estate,blox-estate,Ethereum,0x6ca84eb00fb13f5648fa6ddcd8b19a68557922d4,approved,2023-11-15,none,,,kyc-only,yes,https://github.com/Assure-DeFi/KYC-Certificates/blob/main/Blox%20Estate%20KYC%20Certificate.png,,
Banana Index,banana-index,,0xa67b8e40111a0edd30c3210b77aadb86ad234c43,approved,2022-06-07,none,,,kyc-only,no,,,
Grand Theft Bacon NFT,grand-theft-bacon-nft,,,approved,2021-01-01,none,,,kyc-only,no,,,
https://twitter.com/WRAP_Platform,heroes-vs-villains,,,approved,2021-01-01,none,,,kyc-only,no,,,
HASH AI,hash-ai,Ethereum,0x292fcdd1b104de5a00250febba9bc6a5092a0076,approved,2024-05-10,none,,,kyc-only,no,,,
Golauncher,golauncher,,,approved,2021-01-01,none,,,kyc-only,no,,,
Blockchain Buddies,blockchain-buddies,,,approved,2023-02-15,none,,,kyc-only,no,https://github.com/Assure-DeFi/KYC-Certificates/blob/main/Blockchain%20Buddies%20KYC%20Certificate.png,,
Degen Ape Club,degen-ape-club,,0xf85f1872d4f6002e721a835d3c3aeec194db2089,approved,2022-06-08,none,,,kyc-only,no,,,
Alchemy Protocol,alchemy-protocol,,,approved,2022-09-21,none,,,kyc-only,no,,,
Solareum,solareum,,0x99b600d0a4abdbc4a6796225a160bcf3d5ce2a89,approved,2023-05-02,none,,,kyc-only,no,https://github.com/Assure-DeFi/KYC-Certificates/blob/main/Solareum%20KYC%20Certificate.png,,
RacewayX,racewayx,,,approved,2021-01-01,none,,,kyc-only,no,,,
Matrix,matrix,,,approved,2023-01-10,none,,,kyc-only,no,https://github.com/Assure-DeFi/KYC-Certificates/blob/main/Matrix%20KYC%20Certificate.png,,
Gray Market,gray-market,,,approved,2023-05-17,none,,,kyc-only,no,https://github.com/Assure-DeFi/KYC-Certificates/blob/main/Gray%20Market%20KYC%20Certificate.png,,
Grok Cat,grok-cat,BSC,0x4615c8e2db74517a34712c9bdea5c418d999014b,approved,2024-04-10,completed,2024-04-11,85,full,no,https://github.com/Assure-DeFi/KYC-Certificates/blob/main/Grok%20Cat%20KYC%20Certificate.png,https://github.com/Assure-DeFi/Audits/blob/main/GROKCAT_TOKEN_04_12_24.pdf https://github.com/Assure-DeFi/Audits/blob/main/GrokCAT_TOKEN_04_09_24.pdf,https://github.com/Assure-DeFi/Audit-Certificates/blob/main/GROKCAT_TOKEN_04_11_24.png
Life,life,,0x6c936d4ae98e6d2172db18c16c4b601c99918ee6,approved,2021-01-01,none,,,kyc-only,no,,,
HUND,hund,Solana,2xpqokfjitk8ycmdgbky7cmzrryf2x9pnizecykduzev,approved,2024-06-09,completed,2024-06-11,90,full,no,https://github.com/Assure-DeFi/KYC-Certificates/blob/main/HUND%20KYC%20Certificate.png,https://github.com/Assure-DeFi/Audits/blob/40b036bdaf424b4b9087034d5a570256ebd7289a/Assure%20-%20SolanaAudit%20-%20HUND_PASS_KYCCOMPLETED_06_11_2024.pdf https://github.com/Assure-DeFi/Audits/blob/main/Assure%20-%20SolanaAudit%20-%20HUND_PASS_KYCCOMPLETED_06_11_2024.pdf https://github.com/Assure-DeFi/Audits/blob/main/Assure%20DeFi-%20SolanaAudit%20-%20HUND_PASS_06_05_2024.pdf,https://github.com/Assure-DeFi/Audit-Certificates/blob/main/AssureDeFi_AuditCertificate_HUND_06_11_2024.png
EZO,ezo,,,approved,2022-08-13,none,,,kyc-only,no,,,
SILENSIO,silensio,Ethereum,0x9157e4b8b6b3b83297a6a7ecf2cdb486542c5136,none,2025-06-26,completed,,,audit-only,yes,,https://github.com/Assure-DeFi/Audits/blob/main/SILENSIO_ADV_06_26_25.pdf,https://github.com/Assure-DeFi/Audit-Certificates/blob/main/SILENSIO_ADV_06_26_25.png
Magus Nodes,magus-nodes,,0xa57ca211cd6820bd3d930978271538d07e31a212,approved,2022-05-04,none,,,kyc-only,no,,,
OnlyStables,onlystables,Ethereum,,approved,2022-09-20,none,,,kyc-only,no,,,
Collective Finance,collective-finance,,,approved,2023-02-11,none,,,kyc-only,no,https://github.com/Assure-DeFi/KYC-Certificates/blob/main/Collective%20Finance%20KYC%20Certificate.png,,
Devour,devour,Ethereum,0xcc54ac31164b5b3c39db4eef26d89275c468ec9d,approved,2024-08-25,completed,2024-05-16,95,full,no,https://github.com/Assure-DeFi/KYC-Certificates/blob/main/Devour%20KYC%20Certificate.png,https://github.com/Assure-DeFi/Audits/blob/main/DEVOUR_ETH_ADV_05_16_24.pdf https://github.com/Assure-DeFi/Audits/blob/main/DEVOUR_SOL_ADV_05_16_24.pdf https://github.com/Assure-DeFi/Audits/blob/main/DEVOUR_ETH_ADV_05_13_24.pdf https://github.com/Assure-DeFi/Audits/blob/main/DEVOUR_SOL_ADV_05_13_24.pdf https://github.com/Assure-DeFi/Audits/blob/main/DEVOUR_SOL_ADV2_05_13_24.pdf,https://github.com/Assure-DeFi/Audit-Certificates/blob/main/DEVOUR_ADV_05_16_24.png
ViCA Token,vica-token,,0x19d4beb2bc410b80084fcbd0ac024326f4d3a370,approved,2021-01-01,none,,,kyc-only,no,,,
Ohplay.Club Casino,ohplay.club-casino,,,approved,2024-06-01,none,,,kyc-only,no,https://github.com/Assure-DeFi/KYC-Certificates/blob/main/Ohplay.Club%20Casino%20KYC%20Certificate.png,,
ShibaCovid,shibacovid,,,approved,2021-01-01,none,,,kyc-only,no,,,
Sparta,sparta,Ethereum,,approved,2025-11-29,none,,,kyc-only,no,https://github.com/Assure-DeFi/KYC-Certificates/blob/main/Sparta%20KYC%20Certificate.png,,
Hamsterz Beach Club,hamsterz-beach-club,,0xa72f8821c3668be971b046d744ac4279fd5fc19d,approved,2021-01-01,none,,,kyc-only,no,,,
Clover Farm,clover-farm,Ethereum,0x1954e3c3c412ff2591ee90baaa21a3fb698156a1 | 0xad54ace0773a659ace9fff639619965f8d55f30c,rejected,2023-09-22,none,,,rejected,no,,,
FERRARI,ferrari,Solana,clplfjjxohhfwyzurvv43gjisvha8lmdwwyjziwmjeg5,approved,2024-07-11,none,,,kyc-only,no,https://github.com/Assure-DeFi/KYC-Certificates/blob/main/FERRARI%20KYC%20Certificate.png,,
Tulip.money,tulip-money,,,approved,2021-01-01,none,,,kyc-only,no,,,
Destra Network,destra-network,Ethereum,0xf94e7d0710709388bce3161c32b4eea56d3f91cc,approved,2024-07-13,completed,,,full,no,https://github.com/Assure-DeFi/KYC-Certificates/blob/main/Destra%20Network%20KYC%20Certificate.png,https://github.com/Assure-DeFi/Audits/blob/main/DESTRA_TOKEN_03_29_24.pdf https://github.com/Assure-DeFi/Audits/blob/main/DESTRA_TOKEN_03_28_24.pdf https://github.com/Assure-DeFi/Audits/blob/main/DESTRA_TOKEN_03_14_24.pdf https://github.com/Assure-DeFi/Audits/blob/main/DESTRA_TOKEN_03_13_24.pdf,https://github.com/Assure-DeFi/Audit-Certificates/blob/main/DESTRA_TOKEN_03_28_24.png
Renditus.ai,renditus-ai,,,approved,2024-04-13,none,,,kyc-only,no,https://github.com/Assure-DeFi/KYC-Certificates/blob/main/Renditus.ai%20KYC%20Certificate.png,,
NegronAI,negronai,BSC,0x560f3790168f2e599e55ef4221812b0c5de6826e,rejected,2023-05-30,none,,,rejected,no,,,
EtherBank,etherbank,,,approved,2021-01-01,none,,,kyc-only,no,,,
Cribble,cribble,Ethereum,,approved,2025-02-07,none,,,kyc-only,no,https://github.com/Assure-DeFi/KYC-Certificates/blob/main/Cribble%20KYC%20Certificate.png,,
BiorBank,biorbank,Ethereum,0xfbcb83037d770b28f758530022897362521b6141,approved,2025-02-27,none,,,kyc-only,no,https://github.com/Assure-DeFi/KYC-Certificates/blob/main/BiorBank%20KYC%20Certificate.png,,
MoonBNB,moonbnb,BSC,,rejected,2022-11-29,none,,,rejected,no,,,
Tendr,tendr,Base,0xa9f3b5d44718bf07b4aff7a9a3cc8e4bf076a4bc,approved,2024-10-04,completed,,,full,no,https://github.com/Assure-DeFi/KYC-Certificates/blob/main/Tendr%20KYC%20Certificate.png,https://github.com/Assure-DeFi/Audits/blob/main/TENDR_TOKEN_09_22_24.pdf https://github.com/Assure-DeFi/Audits/blob/main/Tendr_ADV_09_20_24.pdf,
ANYDEX,anydex,Ethereum,0x83389cb4e4f0bff39915efa839cb827460e70d26,approved,2024-04-18,completed,2024-04-23,96,full,no,https://github.com/Assure-DeFi/KYC-Certificates/blob/main/ANYDEX%20KYC%20Certificate.png,https://github.com/Assure-DeFi/Audits/blob/main/ANYDEX_TOKEN_04_22_24.pdf https://github.com/Assure-DeFi/Audits/blob/main/ANYDEX_TOKEN_04_12_24.pdf https://github.com/Assure-DeFi/Audits/blob/main/ANYDEX_TOKEN_04_11_24.pdf https://github.com/Assure-DeFi/Audits/blob/main/ANYDEX_TOKEN_04_09_24.pdf,
Liquid AI,liquid-ai,Ethereum,tba,approved,2024-08-13,none,,,kyc-only,no,https://github.com/Assure-DeFi/KYC-Certificates/blob/main/Liquid%20AI%20KYC%20Certificate.png,,
OMIRA,omira-labs,Ethereum,0x06113abcef9d163c026441b112e70c82ee1c4a79,none,2024-12-03,completed,,,audit-only,no,,https://github.com/Assure-DeFi/Audits/blob/main/OMIRA%20LABS_ADV_12_03_24.pdf,https://github.com/Assure-DeFi/Audit-Certificates/blob/main/2024_OMIRATOKEN_AUDIT_Certificate_12_03_2024.png
Less Network,less-network,,0x62786eeacc9246b4018e0146cb7a3efeacd9459d,approved,2021-01-01,none,,,kyc-only,no,,,
POWERCITY,powercity,,,approved,2021-01-01,none,,,kyc-only,no,,,
Cash Cow,cash-cow,,0x5eab70a24d39a3c17b12097276d3f97a2431d300 | 0x605ee0c6b708859a4e879b7c7febc752bbd06e32,approved,2023-04-04,none,,,kyc-only,no,https://github.com/Assure-DeFi/KYC-Certificates/blob/main/Cash%20Cow%20KYC%20Certificate.png,,
Mr Lightspeed Creator Coin,mr-lightspeed-creator-coin,Base,0xf0cb96a4011a0a6f73d100c7080bf8020d10f87a,approved,2025-11-12,completed,,,full,no,https://github.com/Assure-DeFi/KYC-Certificates/blob/main/Mr%20Lightspeed%20Creator%20Coin%20KYC%20Certificate.png,,
Myra AI,myra-ai,,0x5cd7d317d9cb4d46ff0b4f6a20d9547069fe0f27,approved,2021-01-01,none,,,kyc-only,no,,,
Oasis Metaverse,oasis-metaverse,Ethereum,0xf0dc9fc0669f068e04ad79f7d70618d3f9aad439,approved,2023-10-04,none,,,kyc-only,no,https://github.com/Assure-DeFi/KYC-Certificates/blob/main/Oasis%20Metaverse%20KYC%20Certificate.png,,
Libra Protocol,libra-protocol,BSC,,rejected,2023-02-22,none,,,rejected,no,,,
KARINA,karina,Solana,gwfwcrgstjocxjyuylgyczdq5yjqcublcjqg4yka4q7a,approved,2024-07-23,none,,,kyc-only,no,https://github.com/Assure-DeFi/KYC-Certificates/blob/main/KARINA%20KYC%20Certificate.png,,
Dream Factory DAO,dream-factory-dao,,0xdff3c8f4853ac953d992f5e1a53a58fbc66c2e4f,approved,2022-11-25,none,,,kyc-only,no,,,
MM.Finance,mm-finance,,0x97749c9b61f878a880dfe312d2594ae07aed7656,approved,2021-01-01,none,,,kyc-only,no,,,
Crest,crest,,,approved,2022-10-12,none,,,kyc-only,no,,,
Safuu,safuu,,0xe5ba47fd94cb645ba4119222e34fb33f59c7cd90,approved,2021-01-01,none,,,kyc-only,no,,,
Skylos Chain,skylos-chain,,0x6e496005868190f38c43606c234f95c6c266c2de,approved,2023-07-11,none,,,kyc-only,no,,,
Metabrawl,metabrawl,Ethereum,0xf38deb975d9a34bc2b8f678de0c1d53692363851,approved,2025-01-24,completed,,,full,yes,https://github.com/Assure-DeFi/KYC-Certificates/blob/main/Metabrawl%20KYC%20Certificate.png,https://github.com/Assure-DeFi/Audits/blob/main/METABRAWL_ADV_01_26_24.pdf,https://github.com/Assure-DeFi/Audit-Certificates/blob/main/METABRAWL_ADV_01_26_24.png
PINLINK,pinlink,Ethereum,,approved,2024-04-25,none,,,kyc-only,no,https://github.com/Assure-DeFi/KYC-Certificates/blob/main/PINLINK%20KYC%20Certificate.png,,
GameDay,gameday,,tba,none,,completed,,,audit-only,no,,https://github.com/Assure-DeFi/Audits/blob/main/GAMEDAY_ADV_08_21_24.pdf,
ACE Poker,ace-poker,Arbitrum,0x3d5ba97fa90647b5dd6824e845ad4e505f91ac69,rejected,2023-05-30,none,,,rejected,no,,,
Canaboyz,canaboyz,BSC,0x8a9b4575528f9a9a867d36905034a9d4b66d3e95,rejected,2023-04-08,none,,,rejected,no,,,
Nodez,nodez,Ethereum,0x3b24ed67481a80609af2f8913a45da2049547cfd,approved,2024-08-30,completed,2024-09-26,100,full,yes,https://github.com/Assure-DeFi/KYC-Certificates/blob/main/Nodez%20KYC%20Certificate.png,https://github.com/Assure-DeFi/Audits/blob/main/ASSUREDEFI_Nodez_NODE_TOKEN_Audit_Final_09_26_2024.pdf https://github.com/Assure-DeFi/Audits/blob/main/ASSUREDEFI_Nodez_TOKEN_Audit%20_09_26_2024.pdf,https://github.com/Assure-DeFi/Audit-Certificates/blob/main/Audit_Certificate_Nodez_09_26_2024.png
Hackers Game,hackers-game,,,approved,2022-04-22,none,,,kyc-only,no,,,
DAIS,dais,,0xbf46c1d393763a6731f75d86d801150c49ef8d22,approved,2023-04-07,none,,,kyc-only,no,https://github.com/Assure-DeFi/KYC-Certificates/blob/main/DAIS%20KYC%20Certificate.png,,
Fantom DAO,fantom-dao,,,approved,2021-01-01,none,,,kyc-only,no,,,
Gem Nodes,gem-nodes,,,approved,2021-01-01,none,,,kyc-only,no,,,
Adamant Coin,adamant-coin,,0xf978baa68aee5cd5425187bce97f75c2817e6892,approved,2021-01-01,none,,,kyc-only,no,,,
Lens Ai,lens-ai,Ethereum,,approved,2024-10-10,none,,,kyc-only,no,https://github.com/Assure-DeFi/KYC-Certificates/blob/main/Lens%20Ai%20KYC%20Certificate.gif,,
DOPE,dope,,,approved,2022-11-19,none,,,kyc-only,no,,,
ShibaPunkz,shibapunkz,Shibarium,0xd1509c2aa2411b993de76d65523f8af96f86c943,approved,2023-10-25,none,,,kyc-only,no,https://github.com/Assure-DeFi/KYC-Certificates/blob/main/ShibaPunkz%20KYC%20Certificate.png,,
Prekog,prekog,Solana,token contract address has not been deployed yet. the contract address will be available soon.,approved,2026-01-16,none,,,kyc-only,no,https://github.com/Assure-DeFi/KYC-Certificates/blob/main/Prekog%20AI%20KYC%20Certificate.png,,
Celestial Finance,celestial-finance,,,approved,2021-01-01,none,,,kyc-only,no,,,
Global Market Token,global-market-token,,0x209e0166740d76306d9ff0881a39dcc41fd4067e,approved,2023-01-06,none,,,kyc-only,no,https://github.com/Assure-DeFi/KYC-Certificates/blob/main/Global%20Market%20Token%20KYC%20Certificate.png,,
BitEstate,bitestate,Ethereum,0x79743257af19450d9dbf0cf5b634ff7c1e8ba4c9,approved,2024-02-27,none,,,kyc-only,yes,https://github.com/Assure-DeFi/KYC-Certificates/blob/main/BitEstate%20KYC%20Certificate.png,,
Neuraswap,neuraswap,Ethereum,0xaaaa5b1d957ec72f7b2b80b93068b93311deb2fe,approved,2025-01-12,completed,,,full,no,https://github.com/Assure-DeFi/KYC-Certificates/blob/main/Neuraswap%20KYC%20Certificate.png,https://github.com/Assure-DeFi/Audits/blob/main/NEURASWAP_TOKEN_01_12_24.pdf,
SAFE AI,safe-ai,Ethereum,,approved,2024-05-16,none,,,kyc-only,no,https://github.com/Assure-DeFi/KYC-Certificates/blob/main/SAFE%20AI%20KYC%20Certificate.png,,
Soyjak AI,soyjak-ai,,0x4f36a87e200eda12c6409f3caf5fee1364476be6,approved,2024-11-24,none,,,kyc-only,no,https://github.com/Assure-DeFi/KYC-Certificates/blob/main/Soyjak%20AI%20KYC%20Certificate.png,,
PlutoChain,pluto-chain,Ethereum,0x1f385578266496cd4a4c435a6bb2a60b9bd9ceef,none,2024-12-02,completed,,,audit-only,no,,,
EchoMetrix,echometrix,Ethereum,0xa1ecd506d5b178d7220fe175013ffa43ccad9610,approved,2025-06-26,completed,,,full,yes,https://github.com/Assure-DeFi/KYC-Certificates/blob/main/EchoMetrix%20KYC%20Certificate.png,https://github.com/Assure-DeFi/Audits/blob/main/EchoMetrix_ADV2_06_28_25.pdf https://github.com/Assure-DeFi/Audits/blob/main/EchoMetrix_ADV_06_28_25.pdf,https://github.com/Assure-DeFi/Audit-Certificates/blob/main/EchoMetrix_ADV_06_28_25.png
OnChainToolKit,onchaintoolkit,Ethereum,,approved,2024-02-22,none,,,kyc-only,no,https://github.com/Assure-DeFi/KYC-Certificates/blob/main/OnChainToolKit%20KYC%20Certificate.png,,
Battle.Fish,battle-fish,,0xa48f7a48bdaff54587a1c4e4b2f35459a2328e29,approved,2022-04-29,none,,,kyc-only,no,,,
ordinex,ordinex,,,approved,2023-02-20,none,,,kyc-only,no,https://github.com/Assure-DeFi/KYC-Certificates/blob/main/ordinex%20KYC%20Certificate.png,,
Cubo Protocol,cubo-protocol,,0x381d168de3991c7413d46e3459b48a5221e3dfe4,approved,2021-01-01,none,,,kyc-only,no,,,
Yamp Finance,yamp-finance,,0x87f654c4b347230c60cad8d7ea9cf0d7238bcc79,approved,2021-01-01,none,,,kyc-only,no,,,
FRAKTIA,fraktia,Ethereum,0xcdbdd8a173c385d8a3c8cab7914a99e8c3d9c3a1,none,2025-07-03,completed,,,audit-only,no,,https://github.com/Assure-DeFi/Audits/blob/main/FRAKTIA_ADV_06_18_25.pdf,https://github.com/Assure-DeFi/Audit-Certificates/blob/main/FRAKTIA_ADV_06_18_25.png
Judgement,judgement,Solana,,approved,2024-09-13,none,,,kyc-only,no,https://github.com/Assure-DeFi/KYC-Certificates/blob/main/Judgement%20KYC%20Certificate.png,,
CYBONK,cybonk,Ethereum,0x9194337c06405623c0f374e63fa1cc94e2788c58,none,,completed,2024-03-06,87,audit-only,yes,,https://github.com/Assure-DeFi/Audits/blob/main/CYBONK_TOKEN_03_05_24.pdf,https://github.com/Assure-DeFi/Audit-Certificates/blob/main/CYBONK_TOKEN_03_05_24.png
BlockDefendAI,blockdefendai,Ethereum,,rejected,2024-03-13,none,,,rejected,no,,,
WenSer?,wenser,BSC,0x3a08e175b2c01450f19db7a2f89d20a1d6975cbe,approved,2023-09-27,none,,,kyc-only,yes,https://github.com/Assure-DeFi/KYC-Certificates/blob/main/WenSer%3F%20KYC%20Certificate.png,,
TYRION,tyrion,,0x7ee43f72b5431082993ae81356472afbb42f9dac,approved,2023-05-05,none,,,kyc-only,no,https://github.com/Assure-DeFi/KYC-Certificates/blob/main/TYRION%20KYC%20Certificate.png,,
Strong Inu,strong-inu,,,approved,2021-01-01,none,,,kyc-only,no,,,
Voltaic Finance Systems,voltaic,Solana,fcrsse5ytal8svsdnbxfodexwbv1gbgcjrncf7gte3ut,none,2025-12-29,completed,,,audit-only,no,,https://github.com/Assure-DeFi/Audits/blob/main/VOLTAIC_ADV_12_29_25.pdf https://github.com/Assure-DeFi/Audits/blob/main/VOLTAIC_ADV_12_27_25.pdf https://github.com/Assure-DeFi/Audits/blob/main/Voltaic_ADV_12_23_25.pdf,https://github.com/Assure-DeFi/Audit-Certificates/blob/main/VOLTAIC_ADV_12_29_25.png
King Finance,king-finance,,,approved,2023-02-06,none,,,kyc-only,no,https://github.com/Assure-DeFi/KYC-Certificates/blob/main/King%20Finance%20KYC%20Certificate.png,,
Innovia Trust,innovia-trust,Ethereum,0x1814b8a33446549ed5766ab3250b670498699bd6,approved,2024-04-24,completed,2024-04-23,85,full,yes,https://github.com/Assure-DeFi/KYC-Certificates/blob/main/Innovia%20Trust%20KYC%20Certificate.png,https://github.com/Assure-DeFi/Audits/blob/main/INNOVIA_TOKEN_04_23_24.pdf,
PulseFinity,pulsefinity,,,approved,2022-09-29,none,,,kyc-only,no,,,
Emerald Nodes,emerald-nodes-kyc,,,approved,2021-01-01,none,,,kyc-only,no,,,
Octaplex Network,octaplex-network,,0x57022edd5c7ed7b6bd870488853fe961dfdd3fb6,approved,2021-01-01,none,,,kyc-only,no,,,
Wojak Original,wojak-original,,0xb3e0d6f08bbac73610bc29f1a3b91a124f356561,approved,2023-05-09,none,,,kyc-only,no,https://github.com/Assure-DeFi/KYC-Certificates/blob/main/Wojak%20Original%20KYC%20Certificate.png,,
1Doge Finance,1doge-finance,,0x40619dc9f00ea34e51d96b6ec5d8a6ad75457434,approved,2021-01-01,none,,,kyc-only,no,,,
SmartAi Token,smartai-token,,,approved,2023-02-28,none,,,kyc-only,no,https://github.com/Assure-DeFi/KYC-Certificates/blob/main/SmartAi%20Token%20KYC%20Certificate.png,,
PROFIT-IQ,profit-iq,Ethereum,0x78dfbe50896e637e2b845b613ea10a7ae152ba47,none,,completed,2024-04-17,90,audit-only,yes,,https://github.com/Assure-DeFi/Audits/blob/main/PROFIT-IQ_ADVANCED_04_23_24.pdf https://github.com/Assure-DeFi/Audits/blob/main/PROFIT-IQ_ADVANCED_04_17_24.pdf https://github.com/Assure-DeFi/Audits/blob/main/PROFIT-IQ_Advanced_04_14_24.pdf,https://github.com/Assure-DeFi/Audit-Certificates/blob/main/PROFIT-IQ_Advanced_04_17_24.png
VEOI3,veoi3,Ethereum,0xbf03a8ff17bc0784fefa8680b9f701c98c8d8189,approved,2025-07-18,none,,,kyc-only,yes,https://github.com/Assure-DeFi/KYC-Certificates/blob/main/VEOI3%20KYC%20Certificate.png,,
Central,central,Bitrock,,rejected,2023-08-13,none,,,rejected,no,,,
CoinMerge,coinmerge,,,approved,2023-02-11,none,,,kyc-only,no,https://github.com/Assure-DeFi/KYC-Certificates/blob/main/CoinMerge%20KYC%20Certificate.png,,
Ample,ample,Base,0x56f969228421f7b11af54240e3ecdfc3df068fbe,approved,2025-04-05,none,,,kyc-only,no,https://github.com/Assure-DeFi/KYC-Certificates/blob/main/Ample%20KYC%20Certificate.png,,
CFGI,cfgi,Ethereum,0xf75302720787c2a2176c87b1919059c4eaac8b98,approved,2025-05-22,none,,,kyc-only,yes,https://github.com/Assure-DeFi/KYC-Certificates/blob/main/CFGI%20KYC%20Certificate%20New.png,,
Formula Inu,formula-inu,,0x2c022e58c5e3ee213f06f975fd8a0d3a6fe9ca1c,approved,2022-11-29,none,,,kyc-only,no,,,
Thor Financial,thor-financial,,0x8f47416cae600bccf9530e9f3aeaa06bdd1caa79,approved,2021-01-01,none,,,kyc-only,no,,,
0xCasino,0xcasino,,,approved,2023-02-22,none,,,kyc-only,no,https://github.com/Assure-DeFi/KYC-Certificates/blob/main/0xCasino%20KYC%20Certificate.png,,
OpTrade Ai,optrade,Ethereum,0x72b658bd674f9c2b4954682f517c17d14476e417,none,2025-03-04,completed,,,audit-only,no,,https://github.com/Assure-DeFi/Audits/blob/main/OpTradeAi_ADV_03_04_25.pdf https://github.com/Assure-DeFi/Audits/blob/main/OpTradeAi_ADV_03_02_25.pdf,https://github.com/Assure-DeFi/Audit-Certificates/blob/main/OpTradeAi_ADV_03_04_25.png
MEVDAO,mevdao,Ethereum,0x3b9c5bf4866eee8abeaec504d91d7d76440007c2,none,,completed,2023-09-06,98,audit-only,no,,https://github.com/Assure-DeFi/Audits/blob/main/MEVDAO_ERC%2020%20Token_09_06_2023.pdf https://github.com/Assure-DeFi/Audits/blob/main/MEVDAO_ERC%2020%20Token_09_05_2023.pdf,https://github.com/Assure-DeFi/Audit-Certificates/blob/main/MEVDAO_ERC%2020%20Token_09_06_2023.png
STABLZ,stablz,,0xa4eb9c64ec359d093eac7b65f51ef933d6e5f7cd,approved,2023-01-31,none,,,kyc-only,no,https://github.com/Assure-DeFi/KYC-Certificates/blob/main/STABLZ%20KYC%20Certificate.png,,
Street Racing Simulator,street-racing-simulator,Ethereum,,approved,2023-07-20,completed,2023-07-21,90,full,no,https://github.com/Assure-DeFi/KYC-Certificates/blob/main/Street%20Racing%20Simulator%20KYC%20Certificate.png,https://github.com/Assure-DeFi/Audits/blob/main/SRS.Turbo_ERC%2020%20Token_07_21_2023.pdf,https://github.com/Assure-DeFi/Audit-Certificates/blob/main/SRS-Turbo_ERC%2020%20Token_9_25_2023.png
Mao Coin,mao-coin,BSC,0x88932482880a5eafe2346a9e2c98fd63b3619786,approved,2024-01-13,none,,,kyc-only,no,https://github.com/Assure-DeFi/KYC-Certificates/blob/main/Mao%20Coin%20KYC%20Certificate.png,https://github.com/Assure-DeFi/Audits/blob/main/MAO_TOKEN_1_15_24.pdf https://github.com/Assure-DeFi/Audits/blob/main/MAO_TOKEN_V2_1_15_24.pdf,https://github.com/Assure-DeFi/Audit-Certificates/blob/main/MAO_TOKEN_1_15_24.png
Embark Finance,embark-finance,,0x440af7c75fc8cf9ebd97f04ee2b10ed406f68039,approved,2023-10-17,none,,,kyc-only,no,https://github.com/Assure-DeFi/KYC-Certificates/blob/main/Embark%20Finance%20KYC%20Certificate.png,https://github.com/Assure-DeFi/Audits/blob/main/Embark_ERC%2020%20Token_10_31_2023.pdf https://github.com/Assure-DeFi/Audits/blob/main/Embark_ERC%2020%20Token_10_20_2023.pdf,https://github.com/Assure-DeFi/Audit-Certificates/blob/main/Embark%20Finance_ERC%2020%20Token_10_31_2023.png
ZelenskiyNFT,zelenskiynft,,0x1090144d6f2b77e127620fd5503be12f45b8d6c3,approved,2022-05-11,none,,,kyc-only,no,,,
SteamboatWillie,steamboatwillie,Bitrock,,approved,2024-04-13,none,,,kyc-only,no,https://github.com/Assure-DeFi/KYC-Certificates/blob/main/SteamboatWillie%20KYC%20Certificate.png,,
EdgeOnChain,edgeonchain,Ethereum,,approved,2026-02-02,none,,,kyc-only,no,https://github.com/Assure-DeFi/KYC-Certificates/blob/main/EdgeOnChain%20KYC%20Certificate.png,,
Exchange Trade Coin,exchange-trade-coin,BSC,0xad9bc9d5d404f677a95bbdfa19eb9e364835076d,rejected,2023-10-16,none,,,rejected,no,,,
NoakArk DAO,noakark-dao,,0x61a47034276eb993e1c5e67bf1375ad0a48f10f6,approved,2021-01-01,none,,,kyc-only,no,,,
Flo,flo,Ethereum,0x8561d6829189db74ea1165b7d2bc633616891695,approved,2025-07-11,none,,,kyc-only,no,https://github.com/Assure-DeFi/KYC-Certificates/blob/main/Flo%20KYC%20Certificate.png,,
Project X,project-x,,0x9adcbba4b79ee5285e891512b44706f41f14cafd,approved,2021-01-01,none,,,kyc-only,no,,,
Coorest,coorest,,0x91f0484f9b65dc5187e414dae5ed37ea7a4b8af4 | 0x776aaca47ee579ff63f6c00a921377eb21359e59,approved,2023-06-01,none,,,kyc-only,no,https://github.com/Assure-DeFi/KYC-Certificates/blob/main/Coorest%20KYC%20Certificate.png,,
GameWin,gamewin,,0xddea8024737a0af10fa7e01e059f4ee446a83171,approved,2021-01-01,none,,,kyc-only,no,,,
Asian Pepe,asian-pepe,Ethereum,0x84a3d40ee58a8cc8a109818d3720b59afa67031d,approved,2023-07-01,none,,,kyc-only,no,https://github.com/Assure-DeFi/KYC-Certificates/blob/main/Asian%20Pepe%20KYC%20Certificate.png,,
Leonidas Finance,leonidas-finance,,0x945a6869819cdad404dc80647a2085957cb1f28b,approved,2021-01-01,none,,,kyc-only,no,,,
SparkStarter,spark-starter,,factory,none,2025-02-27,completed,,,audit-only,no,,https://github.com/Assure-DeFi/Audits/blob/main/SparkStarter_ADV_04_05_25.pdf,
Vibe AI,vibeai,Ethereum,0x8e7a9f9817ecf2649c0316b22fea274d522c7b9b,approved,2025-08-11,none,,,kyc-only,yes,https://github.com/Assure-DeFi/KYC-Certificates/blob/main/VIBE%20AI%20KYC%20Certificate.png,,
Defi-One,defi-one,Ethereum,0xe57528d817c6bb52fa11a25bf899403a6e312ee9,approved,2023-09-08,completed,2023-09-25,94,full,no,https://github.com/Assure-DeFi/KYC-Certificates/blob/main/DeFi%20One%20KYC%20Certificate.png,https://github.com/Assure-DeFi/Audits/blob/main/DefiOne.VAC_ERC%2020%20Token_10_10_2023.pdf https://github.com/Assure-DeFi/Audits/blob/main/DefiOne.VAC_ERC%2020%20Token_09_12_2023.pdf,https://github.com/Assure-DeFi/Audit-Certificates/blob/main/Defi-One-VAC_ERC%2020%20Token_10_10_2023.png
Saint Inu,saint-inu,,0x6fc5af63990aa9e5c5543f5cd8ed148bfa6d9d19,approved,2021-01-01,none,,,kyc-only,no,,,
Oracle AI,oracle-ai,,,approved,2023-05-08,none,,,kyc-only,no,https://github.com/Assure-DeFi/KYC-Certificates/blob/main/Oracle%20AI%20KYC%20Certificate.png,,
MotionDev,motiondev,Ethereum,,approved,2025-09-15,none,,,kyc-only,no,https://github.com/Assure-DeFi/KYC-Certificates/blob/main/MotionDev%20KYC%20Certificate.png,,
Hash Rush,hash-rush,Ethereum,,approved,2024-06-01,none,,,kyc-only,no,https://github.com/Assure-DeFi/KYC-Certificates/blob/main/Hash%20Rush%20KYC%20Certificate.png,,
Obscurium,obscurium,Ethereum,0x2a5a4994997aee570202eb4ccdbb806bbc63fc7e,approved,2025-01-13,none,,,kyc-only,no,https://github.com/Assure-DeFi/KYC-Certificates/blob/main/Obscurium%20KYC%20Certificate.png,,
Me Protocol,me-protocol,Ethereum,,approved,2025-08-04,none,,,kyc-only,no,https://github.com/Assure-DeFi/KYC-Certificates/blob/main/Me%20Protocol%20KYC%20Certificate.png,,
Annoying Orange SOL,annoying-orange-sol,Solana,,approved,2024-10-29,none,,,kyc-only,no,https://github.com/Assure-DeFi/KYC-Certificates/blob/main/Annoying%20Orange%20SOL%20KYC%20Certificate.png,,
ChewySwap,chewyswap,,0x2761723006d3eb0d90b19b75654dbe543dcd974f,approved,2024-01-07,none,,,kyc-only,no,https://github.com/Assure-DeFi/KYC-Certificates/blob/main/ChewySwap%20KYC%20Certificate.png,,
FanX Protocol,fanx-protocol,Ethereum,0xe2918aa38088878546c1a18f2f9b1bc83297fdd3 | 0x1918ebb39492c8b98865c5e53219c3f1ae79e76f | 0x296c39985fa3eb3b1d76c95245e8ed44da4348cf | 0xaedcf2bf41891777c5f638a098bbde1edba7b264,approved,2025-07-11,none,,,kyc-only,no,https://github.com/Assure-DeFi/KYC-Certificates/blob/main/FanX%20Protocol%20KYC%20Certificate.png,,
Waygate,waygate,,,approved,2023-02-23,none,,,kyc-only,no,,,
Kolytics,kolytics,Ethereum,0xe4ad6e3a254d545215089c972056494dfc12406c,approved,2025-03-09,none,,,kyc-only,no,https://github.com/Assure-DeFi/KYC-Certificates/blob/main/Kolytics%20KYC%20Certificate.png,,
The-ZOO of Cubs,the-zoo-of-cubs,,,approved,2023-03-22,none,,,kyc-only,no,https://github.com/Assure-DeFi/KYC-Certificates/blob/main/The-ZOO%20of%20Cubs%20KYC%20Certificate.png,,
Asgardian Bulls Club,asgardian-bulls-club,,0xf6aa5be7948da9db6287c60fcd5f82f7b8b05dcb,approved,2021-01-01,none,,,kyc-only,no,,,
Mario Burn Bros,mario-burn-bros,Solana,95ftv7cpxexs4jsdyjheuvbv7z43nvpkp1mrzmt5aoo6,approved,2024-05-06,completed,2024-05-04,85,full,no,https://github.com/Assure-DeFi/KYC-Certificates/blob/main/Mario%20Burn%20Bros%20KYC%20Certificate.png,https://github.com/Assure-DeFi/Audits/blob/main/MARIOBURNBROS_TOKEN_05_04_24.pdf,
Foodsply,foodsply,,,rejected,2022-12-21,none,,,rejected,no,,,
BlockBets Casino,blockbets-casino,BSC,0x45183049f5dfb676aba57fdde8dd37e794781d9a,approved,2024-04-04,completed,2024-04-05,86,full,no,https://github.com/Assure-DeFi/KYC-Certificates/blob/main/BlockBets%20Casino%20KYC%20Certificate.png,https://github.com/Assure-DeFi/Audits/blob/main/BLOCKBETS_TOKEN_04_05_24.pdf,https://github.com/Assure-DeFi/Audit-Certificates/blob/main/BLOCKBETS_TOKEN_04_05_24.png
Lil Doge Floki,lil-doge-floki,,,approved,2021-01-01,none,,,kyc-only,no,,,
Solar AI,solar-ai,Ethereum,,approved,2024-09-29,none,,,kyc-only,no,https://github.com/Assure-DeFi/KYC-Certificates/blob/main/Solar%20AI%20KYC%20Certificate.png,,
CyberNode NFTs,cybernode-nfts,,,approved,2022-05-07,none,,,kyc-only,no,,,
ZKGPT,zkgpt,Ethereum,0x733fd1b5aa477d55070546922ba1bd3751c167c7,approved,2024-11-21,none,,,kyc-only,yes,https://github.com/Assure-DeFi/KYC-Certificates/blob/main/ZKGPT%20KYC%20Certificate.png,,
The Depth of the Daimon,the-depth-of-the-daimon,Ethereum,0x0abd08c3794d8d5e88e112113aa11ada4ff12b8e,approved,2024-02-14,none,,,kyc-only,no,https://github.com/Assure-DeFi/KYC-Certificates/blob/main/The%20Depth%20of%20the%20Daimon%20KYC%20Certificate.png,,
MEGAWEAPONS,megaweapons,,0x0b8057c3cc676c329c25c1d0cd27776efa73762d,approved,2021-01-01,none,,,kyc-only,no,,,
FreeRiver,freeriver,,0x63f2adf5f76f00d48fe2cbef19000af13bb8de82,approved,2021-01-01,none,,,kyc-only,no,,,
DeFi²,defi%c2%b2,,0xdd3a88ef8535ff7b19178b735c52ea277ef25623,approved,2022-12-01,none,,,kyc-only,no,,,
Nebula Finance,nebula-finance,BSC,,approved,2023-07-22,none,,,kyc-only,no,https://github.com/Assure-DeFi/KYC-Certificates/blob/main/Nebula%20Finance%20KYC%20Certificate.png,,
ThorFi,thorfi,,0x8f47416cae600bccf9530e9f3aeaa06bdd1caa79,approved,2023-01-13,none,,,kyc-only,no,https://github.com/Assure-DeFi/KYC-Certificates/blob/main/ThorFi%20KYC%20Certificate.png,,
Sparkclo Network,sparkclo-network,BSC,0x29eda3367ea5d7d0f577276254629380cea339ba,approved,2024-04-27,none,,,kyc-only,no,https://github.com/Assure-DeFi/KYC-Certificates/blob/main/Sparkclo%20Network%20KYC%20Certificate.png,,
Serenity Token,serenity-token,,0x33d6064f0dfb62462a74049f30909ddd4f683ba2,approved,2021-01-01,none,,,kyc-only,no,,,
Block Social Network,block-social-network,Ethereum,0x715e2b708bcf22243ba918e47127540d1273a6c4,none,,completed,2024-09-20,85,audit-only,no,,https://github.com/Assure-DeFi/Audits/blob/1362f3bed03416a7c9418f229bca9cf7c53d8c5f/ASSUREDEFI_Block%20Social%20Network_BSN_TOKEN_2024_09_20_Audit.pdf https://github.com/Assure-DeFi/Audits/blob/main/ASSUREDEFI_Block%20Social%20Network_BSN_TOKEN_2024_09_20_Audit.pdf https://github.com/Assure-DeFi/Audits/blob/main/Block%20Social%20Network_TOKEN_09_20_24.pdf,https://github.com/Assure-DeFi/Audit-Certificates/blob/main/Block%20Social%20Network_TOKEN_09_20_24.png https://github.com/Assure-DeFi/Audit-Certificates/blob/main/Block_Social_Network_Audit_Certificate_09_20_2024.png
Shiba Labs,shiba-labs,Ethereum,,rejected,2023-03-28,none,,,rejected,no,,,
888BITS,888bits,Ethereum,tba,approved,2024-07-30,none,,,kyc-only,no,https://github.com/Assure-DeFi/KYC-Certificates/blob/main/888BITS%20KYC%20Certificate.png,,
Reign Protocol,reign-protocol,,0x07f20dabe6da77858b81e2b08c555477268bd92a,approved,2022-07-26,none,,,kyc-only,no,,,
Blind Faith,blind-faith,Solana,7pclvzxifarraxazdcuwgr8hfpxxykeq9rk33zscduvc,approved,2025-03-11,completed,,,full,no,https://github.com/Assure-DeFi/KYC-Certificates/blob/main/Blind%20Faith%20KYC%20Certificate.png,https://github.com/Assure-DeFi/Audits/blob/main/BlindFaith_ADV_08_12_25.pdf https://github.com/Assure-DeFi/Audits/blob/main/BlindFaith_SOL_FinalAudit_03_26_2025.pdf https://github.com/Assure-DeFi/Audits/blob/main/Blind%20Faith_SOL_03_20_25.pdf https://github.com/Assure-DeFi/Audits/blob/main/BlindFaith_ADV3_08_12_25.pdf https://github.com/Assure-DeFi/Audits/blob/main/BlindFaith_ADV2_08_12_25.pdf,https://github.com/Assure-DeFi/Audit-Certificates/blob/main/BlindFaith_ADV_08_12_25.png
Amara Finance,amara-finance,,0x0d2faa2064129ecbfaccd45be33dea3bcd3f8863,approved,2021-01-01,none,,,kyc-only,no,,,
Shibarium Perpetuals,shibarium-perpetuals,,,approved,2023-03-16,none,,,kyc-only,no,https://github.com/Assure-DeFi/KYC-Certificates/blob/main/Shibarium%20Perpetuals%20KYC%20Certificate.png,,
Poultry.Money,poultry-money,,,approved,2021-01-01,none,,,kyc-only,no,,,
Cat Wif Guitar,cat-wif-guitar,Solana,,approved,2024-04-04,none,,,kyc-only,no,https://github.com/Assure-DeFi/KYC-Certificates/blob/main/Cat%20Wif%20Guitar%20KYC%20Certificate.png,,
Pepe Monsta,pepe-monsta,,0xc80285cbe1b73aa6b7f984abdc7ee85cced6df43,approved,2023-05-19,none,,,kyc-only,no,https://github.com/Assure-DeFi/KYC-Certificates/blob/main/Pepe%20Monsta%20KYC%20Certificate.png,,
Memecubator,memecubator,,,approved,2023-05-19,none,,,kyc-only,no,https://github.com/Assure-DeFi/KYC-Certificates/blob/main/Memecubator%20KYC%20Certificate.png,,
Quantum Leap,quantum-leap,,,approved,2021-01-01,none,,,kyc-only,no,,,
Robotexon,robotexon,Ethereum,0x32d4c7ecee527a84d11250597a0725858a607369,approved,2025-08-11,none,,,kyc-only,no,https://github.com/Assure-DeFi/KYC-Certificates/blob/main/Robotexon%20KYC%20Certificate.png,,
MemeStars,memestars,BSC,0x5a3616581dd9f3c8c3cc42578a407a63ce42f6b4,approved,2023-11-11,none,,,kyc-only,no,https://github.com/Assure-DeFi/KYC-Certificates/blob/main/MemeStars%20KYC%20Certificate.png,https://github.com/Assure-DeFi/Audits/blob/main/Meme%20Stars_%20ERC%2020%20token_11_10_2023.pdf,https://github.com/Assure-DeFi/Audit-Certificates/blob/main/Meme%20Stars_%20ERC%2020%20token_11_10_2023.png
StarWar,starwar,,,approved,2023-03-20,none,,,kyc-only,no,https://github.com/Assure-DeFi/KYC-Certificates/blob/main/StarWar%20KYC%20Certificate.png,,
ROSWELL,roswell,Arbitrum,,rejected,2023-03-08,none,,,rejected,no,,,
Fractal,fractal,Ethereum,0xc3c833e5622840493317e8ca87788caf49b6dc19,rejected,2024-04-27,none,,,rejected,no,,,
OmniGPT,omnigpt,Solana,6rnu1tyknfpw7h2zxq8dsmj6spe95tzeufungjxbwkbf,approved,2024-07-27,none,,,kyc-only,no,https://github.com/Assure-DeFi/KYC-Certificates/blob/main/OmniGPT%20KYC%20Certificate.png,,
Athena AI,athena-ai,Ethereum,0x9425351048b32c659a22623337d9e1232789876e,approved,2024-09-15,none,,,kyc-only,yes,https://github.com/Assure-DeFi/KYC-Certificates/blob/main/Athena%20AI%20KYC%20Certificate.png,,
Odds Notify,odds-notify,Ethereum,tba,approved,2024-08-29,none,,,kyc-only,no,https://github.com/Assure-DeFi/KYC-Certificates/blob/main/Odds%20Notify%20KYC%20Certificate.png,,
MemeLordz,memelordz,Base,0xf261ff53cfdb39651510f7319442610b412d9e7b,approved,2024-10-20,completed,,,full,no,https://github.com/Assure-DeFi/KYC-Certificates/blob/main/Meme%20Lordz%20KYC%20Certificate.png https://github.com/Assure-DeFi/KYC-Certificates/blob/main/MemeLordz%20KYC%20Certificate.png,https://github.com/Assure-DeFi/Audits/blob/main/MEMELORDZ_BASE_10_22_24.pdf https://github.com/Assure-DeFi/Audits/blob/main/MEMELORDZ_BSC_10_22_24.pdf https://github.com/Assure-DeFi/Audits/blob/main/MemeLordz_ADV_09_12_24.pdf,https://github.com/Assure-DeFi/Audit-Certificates/blob/main/MEMELORDZ_BASE_BSC_10_22_24.png
Arcane Coin,arcane,Ethereum,0xa819fa2cf50fb232df68f731bca3e54e88498ae1,none,,completed,2024-01-22,85,audit-only,yes,,https://github.com/Assure-DeFi/Audits/blob/main/ARCANE_ERC20%20token_01_22_2024.pdf https://github.com/Assure-DeFi/Audits/blob/main/ARCANE_ERC%2020_01_18_2024.pdf,https://github.com/Assure-DeFi/Audit-Certificates/blob/main/ARCANE_ERC20%20token_01_22_2024.png
SolDate,soldate,,,approved,2021-01-01,none,,,kyc-only,no,,,
Dyadnum,dyadnum,Ethereum,,approved,2025-09-12,none,,,kyc-only,no,https://github.com/Assure-DeFi/KYC-Certificates/blob/main/Dyadnum%20KYC%20Certificate.png,,
Robo Inu,robo-inu,,0x7b32e70e8d73ac87c1b342e063528b2930b15ceb,approved,2021-01-01,none,,,kyc-only,no,,,
Flux Exchange,flux-exchange,,,approved,2022-05-05,none,,,kyc-only,no,,,
Maxi Barsik,maxi-barsik,Metis,,approved,2024-03-08,none,,,kyc-only,no,https://github.com/Assure-DeFi/KYC-Certificates/blob/main/Maxi%20Barsik%20KYC%20Certificate.png,,
MagaDonalds,magadonalds,Solana,,rejected,2024-06-21,none,,,rejected,no,,,
Yield Hunt,yield-hunt,,,approved,2021-01-01,none,,,kyc-only,no,,,
VULTR,vultr,Solana,,approved,2026-01-30,none,,,kyc-only,no,https://github.com/Assure-DeFi/KYC-Certificates/blob/main/VULTR%20KYC%20Certificate.png,,
LADA,lada,,0xa85141ba556c78e16b26bf88a5f414d703c1b7e1,approved,2024-02-19,completed,2024-02-20,100,full,no,https://github.com/Assure-DeFi/KYC-Certificates/blob/main/LADA%20KYC%20Certificate.png,https://github.com/Assure-DeFi/Audits/blob/main/LADA_TOKEN_02_20_24.pdf https://github.com/Assure-DeFi/Audits/blob/main/LADA_ERC20%20Token_02_20_2024.pdf,https://github.com/Assure-DeFi/Audit-Certificates/blob/main/LADA_TOKEN_02_20_24.png
POLFEX,polfex,BSC,0x02d35b6698964d104e55bb21beb157117f64b896,approved,2023-08-05,completed,2023-08-07,81,full,no,https://github.com/Assure-DeFi/KYC-Certificates/blob/main/POLFEX%20KYC%20Certificate.png,https://github.com/Assure-DeFi/Audits/blob/main/POLFEX_ERC%2020%20Token_08_27_2023.pdf,https://github.com/Assure-DeFi/Audit-Certificates/blob/main/Polfex_ERC%2020%20Token_08_26_2023.png
Smart Donna,smart-donna,Ethereum,,approved,2024-10-02,none,,,kyc-only,no,https://github.com/Assure-DeFi/KYC-Certificates/blob/main/Smart%20Donna%20KYC%20Certificate.png,,
AIBotBuilder,aibotbuilder,Ethereum,,approved,2023-12-07,none,,,kyc-only,no,https://github.com/Assure-DeFi/KYC-Certificates/blob/main/AIBotBuilder%20KYC%20Certificate.png,,
CONAN,conan,Ethereum,0xe6502cee5b040d813d0a9d8cba60c096a22e3ec9,none,,completed,2024-03-29,95,audit-only,no,,https://github.com/Assure-DeFi/Audits/blob/main/CONAN_TOKEN_03_28_24.pdf,https://github.com/Assure-DeFi/Audit-Certificates/blob/main/CONAN_TOKEN_03_29_24.png
Spring Game,spring-game,,0xaf0bd10e1b6b995e54f342c78dacd25291e0d3b2,approved,2022-05-18,none,,,kyc-only,no,,,
0 Knowledge Network,0-knowledge-network,,,rejected,2023-07-04,completed,2023-08-07,,rejected,no,,https://github.com/Assure-DeFi/Audits/blob/main/ZeroKnowledgeNetwork_ERC%2020%20Token_08_07_2023.pdf,https://github.com/Assure-DeFi/Audit-Certificates/blob/main/Zero%20Knowledge%20Network_ERC%2020%20Token_08_07_2023.png
ProtocolX,protocolx,,0x5ec500c5c6f0a270b633d5d5f0c3b9eb9b041455,approved,2022-07-13,none,,,kyc-only,no,,,
Crypto Hub,crypto-hub,Ethereum,0x6923f9b683111dcc0e20124e9a031deeae5dad93,approved,2023-10-17,none,,,kyc-only,no,https://github.com/Assure-DeFi/KYC-Certificates/blob/main/Crypto%20Hub%20KYC%20Certificate.png,,
ONYX,onyx,Solana,blnp6kqt6uqirkgqsqznkmovz24rbovs37rhvmegqf3h,approved,2024-08-03,none,,,kyc-only,no,https://github.com/Assure-DeFi/KYC-Certificates/blob/main/ONYX%20KYC%20Certificate.png,,
Kenny,kenny,Ethereum,0xfd55d7e7396be8fd3d3e857875c88d36ee47,approved,2023-07-07,completed,2023-07-28,85,full,no,,https://github.com/Assure-DeFi/Audits/blob/main/KENNY%20Audit_ERC20%20Token_7_28_23.pdf,https://github.com/Assure-DeFi/Audit-Certificates/blob/main/Kenny_ERC%2020%20Token_7_28_2023.png
InvestFi,investfi,Ethereum,0x12defef07b7d8f5e549106402ebab8f875f4b27a,approved,2024-03-26,none,,,kyc-only,no,https://github.com/Assure-DeFi/KYC-Certificates/blob/main/InvestFi%20KYC%20Certificate.png,,
PadmonDAO,padmondao,,,approved,2023-03-31,none,,,kyc-only,no,https://github.com/Assure-DeFi/KYC-Certificates/blob/main/PadmonDAO%20KYC%20Certificate.png,,
Solana Money Loop,loop,Solana,bvjjwhjurlqtv7j3qn5hmxtfyjywzegvqors9zwngem,approved,2025-10-14,completed,,,full,no,https://github.com/Assure-DeFi/KYC-Certificates/blob/main/Loop%20-%20KYC%20Certificate.png,https://github.com/Assure-DeFi/Audits/blob/main/LOOP_SOL_10_13_25.pdf,https://github.com/Assure-DeFi/Audit-Certificates/blob/main/LOOP_SOL_10_13_25.png
French Polynesia Token 2.0,french-polynesia-token-2-0,,,approved,2021-01-01,none,,,kyc-only,no,,,
The Bandit Project,the-bandit-project,,0xf22894d191212b6871182417df61ad832bce57c7,approved,2022-08-02,none,,,kyc-only,no,,,
Polite Raptors,polite-raptors,,,approved,2021-01-01,none,,,kyc-only,no,,,
Moonclave,moonclave,Solana,,approved,2025-11-03,none,,,kyc-only,no,https://github.com/Assure-DeFi/KYC-Certificates/blob/main/Moonclave%20KYC%20Certificate.png,,
MetaLords,metalords,,,approved,2021-01-01,none,,,kyc-only,no,,,
Insomnia DAO,insomnia-dao,Ethereum,,rejected,2022-12-12,none,,,rejected,no,,,
BIGGIE,biggie,Ethereum,0x95ae252633e9ea03bdfe67874b349b41163464ce,approved,2025-09-22,none,,,kyc-only,yes,https://github.com/Assure-DeFi/KYC-Certificates/blob/main/BIGGIE%20KYC%20Certificate.png,,
UniLion,unilion,,0xa228257c5c9dacb07ff9997527e054bdfe7dee92,approved,2021-01-01,none,,,kyc-only,no,,,
World Challenge Game,world-challenge-game,,,approved,2023-11-16,none,,,kyc-only,no,https://github.com/Assure-DeFi/KYC-Certificates/blob/main/World%20Challenge%20Game%20KYC%20Certificate.png,,
AstroX,astrox,,,approved,2022-11-15,none,,,kyc-only,no,,,
Pepe Planet,pepe-planet,,0xa058d879b6367b0eee3c3997df886bb0401667f3,approved,2023-05-30,none,,,kyc-only,no,https://github.com/Assure-DeFi/KYC-Certificates/blob/main/Pepe%20Planet%20KYC%20Certificate.png,,
Mewn Inu,mewn-inu,,0x9de1f279fc38ab86358e999957e6cc76ce961b29,approved,2021-01-01,none,,,kyc-only,no,,,
CrypCade,crypcade,,,approved,2021-01-01,none,,,kyc-only,no,,,
Dairy.Money,dairy-money,,0x4d81911f0e30d2e12dcc954091701b39dc59e34a,approved,2021-01-01,none,,,kyc-only,no,,,
Munch Project,munch-project,,0xea2836c58b83d03c6f07fc8035472dc1914f9f3b,approved,2024-07-28,completed,,,full,no,https://github.com/Assure-DeFi/KYC-Certificates/blob/main/Munch%20Project%20KYC%20Certificate.png,,
WonderGame Metaverse,wondergame-metaverse,,,approved,2021-01-01,none,,,kyc-only,no,,,
SMART AI,smart-ai,Ethereum,,approved,2024-03-23,none,,,kyc-only,no,https://github.com/Assure-DeFi/KYC-Certificates/blob/main/SMART%20AI%20KYC%20Certificate.png,,
Hydra Ecosystem,hydra-ecosystem,Ethereum,0x8cc5aba81a610f4fc01b42c83508ce7a59b8cc10,rejected,2023-08-07,none,,,rejected,yes,,,
BurnSwap,burnswap,,,approved,2023-05-01,none,,,kyc-only,no,https://github.com/Assure-DeFi/KYC-Certificates/blob/main/BurnSwap%20KYC%20Certificate.png,,
FindLands,findlands,Ethereum,0xb4d5f535b2bde3c09e3afc55545c487c7f4c9515,approved,2024-07-24,none,,,kyc-only,yes,https://github.com/Assure-DeFi/KYC-Certificates/blob/main/FindLands%20KYC%20Certificate.png,,
Pure Fun,pure-fun,Solana,purenrmvkdav5rcrpjon1pwh3yxqgj8s7svwrsrmscp | t2,approved,2025-09-08,none,,,kyc-only,no,https://github.com/Assure-DeFi/KYC-Certificates/blob/main/Pure%20Fun%20KYC%20Certificate.png,,
Kronos DAO,kronos-dao,,,approved,2021-01-01,none,,,kyc-only,no,,,
Sifu Inu,sifu-inu,,,approved,2021-01-01,none,,,kyc-only,no,,,
CryptoFans DAO,cryptofans-dao,,,approved,2021-01-01,none,,,kyc-only,no,,,
Macro Browser,macro-browser,Ethereum,,approved,2025-08-02,none,,,kyc-only,no,https://github.com/Assure-DeFi/KYC-Certificates/blob/main/Macro%20Browser%20KYC%20Certificate.png,,
Hibby Money,hibby-money,,,approved,2022-08-10,none,,,kyc-only,no,,,
CAT DUCK,catduck,,7fuhwmucgmrfwjluovxe699gfabd8uy9czabamcvg4q6,none,,completed,,,audit-only,no,,https://github.com/Assure-DeFi/Audits/blob/main/CatDUCK_SOL_09_06_24.pdf,https://github.com/Assure-DeFi/Audit-Certificates/blob/main/CatDUCK_SOL_09_06_24.png
OraX,orax,Ethereum,,approved,2025-01-19,none,,,kyc-only,no,https://github.com/Assure-DeFi/KYC-Certificates/blob/main/OraX%20KYC%20Certificate%201.png,,
Rollback,rollback,Ethereum,0xa563ae4f348e93c7f50e8fcbffafa44f5aed0b36,approved,2025-07-20,completed,,,full,yes,https://github.com/Assure-DeFi/KYC-Certificates/blob/main/Rollback%20KYC%20Certificate.png,https://github.com/Assure-DeFi/Audits/blob/main/ROLLBACK_WALLET_08_26_25.pdf https://github.com/Assure-DeFi/Audits/blob/main/ROLLBACK_ADV_08_23_25.pdf https://github.com/Assure-DeFi/Audits/blob/main/ROLLBACK_WALLET_08_18_25.pdf,https://github.com/Assure-DeFi/Audit-Certificates/blob/main/ROLLBACK_WALLET_08_26_25.png
RatAlert,ratalert,,,approved,2021-01-01,none,,,kyc-only,no,,,
NitroDome,nitrodome,,,approved,2024-02-07,none,,,kyc-only,no,https://github.com/Assure-DeFi/KYC-Certificates/blob/main/NitroDome%20KYC%20Certificate.png,,
BlockXpress,blockxpress,,0x2090bd6d3f005b9d190609170204d5d788414f9b,approved,2022-07-19,none,,,kyc-only,no,,https://github.com/Assure-DeFi/Audits/blob/main/BlockXpress_%20ERC%2020%20token_11_03_2023.pdf,https://github.com/Assure-DeFi/Audit-Certificates/blob/main/BlockXpress_%20ERC%2020%20token_11_03_2023.png
Qoodo.io,qoodo-io,,,approved,2023-09-04,none,,,kyc-only,no,https://github.com/Assure-DeFi/KYC-Certificates/blob/main/Qoodo.io%20KYC%20Certificate.png,,
BitGate,bitgate,Ethereum,,rejected,2024-04-27,none,,,rejected,no,,,
Sharp AI,sharp-ai,Ethereum,0x6ea953cc904e3038f8c0cc6925ad6ba76c5e179d,approved,2024-10-09,none,,,kyc-only,no,https://github.com/Assure-DeFi/KYC-Certificates/blob/main/Sharp%20AI%20KYC%20Certificate.png,,
Meme Racers,meme-racers,,,approved,2023-03-10,none,,,kyc-only,no,https://github.com/Assure-DeFi/KYC-Certificates/blob/main/Meme%20Racers%20KYC%20Certificate.png,,
Flokispin,flokispin,Ethereum,0x1210019f89a5960b2887fa630f1df79128422426,rejected,2023-01-19,none,,,rejected,no,,,
Barbie,barbie,Ethereum,0xa622e612140a0d048b447be09ce47ff4d584e03b,approved,2023-08-18,none,,,kyc-only,no,https://github.com/Assure-DeFi/KYC-Certificates/blob/main/Barbie%20KYC%20Certificate.png,,
Xero AI,xero-ai,Ethereum,,approved,2024-03-18,none,,,kyc-only,no,https://github.com/Assure-DeFi/KYC-Certificates/blob/main/Xero%20AI%20KYC%20Certificate.png,,
Chainbased,chainbased,Arbitrum,0xf300cba230cd799323d0e2ce2027851c97a5972d,approved,2024-11-24,completed,,,full,no,https://github.com/Assure-DeFi/KYC-Certificates/blob/main/Chainbased%20KYC%20Certificate.png,https://github.com/Assure-DeFi/Audits/blob/main/CHAIN%20BASED_ADV_12_02_24.pdf https://github.com/Assure-DeFi/Audits/blob/main/CHAIN%20BASED_TOKEN_11_27_24.pdf https://github.com/Assure-DeFi/Audits/blob/main/CHAIN%20BASED_ADV_11_22_24.pdf,https://github.com/Assure-DeFi/Audit-Certificates/blob/main/CHAIN%20BASED_ADV_12_02_24.png
FTMlaunch,ftmlaunch,,0x9613288dcf37c14324ab64eb53b2e7be7292d724,approved,2021-01-01,none,,,kyc-only,no,,,
World Of Apes,world-of-apes,,,approved,2021-01-01,none,,,kyc-only,no,,,
Capital Aggregator Token,capital-aggregator-token,,0x686c77609afe6a2fac50421888530288b441fbd6,approved,2021-01-01,none,,,kyc-only,no,,,
CyberShield,cybershield,Ethereum,,approved,2024-04-10,none,,,kyc-only,no,https://github.com/Assure-DeFi/KYC-Certificates/blob/main/CyberShield%20KYC%20Certificate.png,,
Punk Rocks,punk-rocks,Bitrock,0xf8a20d203dc257172c11a45d784feb21190c44f8,approved,2024-02-05,none,,,kyc-only,no,https://github.com/Assure-DeFi/KYC-Certificates/blob/main/Punk%20Rocks%20KYC%20Certificate.png,,
Chooky,chooky,Ethereum,0x244748587f145c0571e92e85429d711d1b4cc43a,approved,2023-10-23,none,,,kyc-only,no,https://github.com/Assure-DeFi/KYC-Certificates/blob/main/Chooky%20KYC%20Certificate.png,,
